time,equity
2026-07-18 04:40:00,1.0
2026-07-18 04:45:00,1.0
2026-07-18 04:50:00,1.0
2026-07-18 04:55:00,1.0
2026-07-18 05:00:00,1.0
2026-07-18 05:05:00,1.0
2026-07-18 05:10:00,0.99747063504
2026-07-18 05:15:00,0.9994706350400001
2026-07-18 05:20:00,0.9986706350400001
2026-07-18 05:25:00,0.99907063504
2026-07-18 05:30:00,1.0002706350400001
2026-07-18 05:35:00,1.00187063504
2026-07-18 05:40:00,1.00307063504
2026-07-18 05:45:00,1.00307063504
2026-07-18 05:50:00,1.00387063504
2026-07-18 05:55:00,1.00347063504
2026-07-18 06:00:00,1.00514356024
2026-07-18 06:05:00,1.00514356024
2026-07-18 06:10:00,1.00514356024
2026-07-18 06:15:00,1.00514356024
2026-07-18 06:20:00,1.00514356024
2026-07-18 06:25:00,1.00514356024
2026-07-18 06:30:00,1.00514356024
2026-07-18 06:35:00,1.00514356024
2026-07-18 06:40:00,1.00514356024
2026-07-18 06:45:00,1.00514356024
2026-07-18 06:50:00,1.00514356024
2026-07-18 06:55:00,1.00514356024
2026-07-18 07:00:00,1.00514356024
2026-07-18 07:05:00,1.00514356024
2026-07-18 07:10:00,1.00514356024
2026-07-18 07:15:00,1.00514356024
2026-07-18 07:20:00,1.00451989424
2026-07-18 07:25:00,1.00371989424
2026-07-18 07:30:00,1.00251989424
2026-07-18 07:35:00,1.00291989424
2026-07-18 07:40:00,1.00371989424
2026-07-18 07:45:00,1.00331989424
2026-07-18 07:50:00,1.00291989424
2026-07-18 07:55:00,1.00331989424
2026-07-18 08:00:00,1.00291989424
2026-07-18 08:05:00,1.00411989424
2026-07-18 08:10:00,1.00251989424
2026-07-18 08:15:00,0.9992886542400001
2026-07-18 08:20:00,0.9992886542400001
2026-07-18 08:25:00,1.00001145424
2026-07-18 08:30:00,1.00265729424
2026-07-18 08:35:00,1.00265729424
2026-07-18 08:40:00,1.0022572942399999
2026-07-18 08:45:00,1.0022572942399999
2026-07-18 08:50:00,1.00345729424
2026-07-18 08:55:00,1.00345729424
2026-07-18 09:00:00,1.00385729424
2026-07-18 09:05:00,1.00426772704
2026-07-18 09:10:00,1.00426772704
2026-07-18 09:15:00,1.00426772704
2026-07-18 09:20:00,1.00426772704
2026-07-18 09:25:00,1.00426772704
2026-07-18 09:30:00,1.00426772704
2026-07-18 09:35:00,1.00426772704
2026-07-18 09:40:00,1.00426772704
2026-07-18 09:45:00,1.00426772704
2026-07-18 09:50:00,1.00426772704
2026-07-18 09:55:00,1.00414372096
2026-07-18 10:00:00,1.00374372096
2026-07-18 10:05:00,1.0045437209599999
2026-07-18 10:10:00,1.0045437209599999
2026-07-18 10:15:00,1.0045437209599999
2026-07-18 10:20:00,1.00031224096
2026-07-18 10:25:00,1.00231224096
2026-07-18 10:30:00,0.9982350009600002
2026-07-18 10:35:00,1.0001575609600002
2026-07-18 10:40:00,1.00115756096
2026-07-18 10:45:00,1.0021575609600002
2026-07-18 10:50:00,1.00315756096
2026-07-18 10:55:00,1.0021575609600002
2026-07-18 11:00:00,0.9981575609600002
2026-07-18 11:05:00,0.9931575609600001
2026-07-18 11:10:00,0.9931575609600001
2026-07-18 11:15:00,0.9921575609600002
2026-07-18 11:20:00,0.9941575609600002
2026-07-18 11:25:00,0.9992026809600003
2026-07-18 11:30:00,1.0016026809600003
2026-07-18 11:35:00,1.0004026809600004
2026-07-18 11:40:00,0.9998026809600002
2026-07-18 11:45:00,1.0016026809600003
2026-07-18 11:50:00,1.0010026809600003
2026-07-18 11:55:00,0.9992026809600003
2026-07-18 12:00:00,0.9992026809600003
2026-07-18 12:05:00,0.9998026809600002
2026-07-18 12:10:00,0.9986026809600003
2026-07-18 12:15:00,1.0022026809600002
2026-07-18 12:20:00,1.00347090084
2026-07-18 12:25:00,1.00347090084
2026-07-18 12:30:00,1.00347090084
2026-07-18 12:35:00,1.00347090084
2026-07-18 12:40:00,1.00347090084
2026-07-18 12:45:00,1.00347090084
2026-07-18 12:50:00,1.0037937408400002
2026-07-18 12:55:00,1.0037937408400002
2026-07-18 13:00:00,1.0037166608400003
2026-07-18 13:05:00,1.0037166608400003
2026-07-18 13:10:00,1.0037166608400003
2026-07-18 13:15:00,1.0037166608400003
2026-07-18 13:20:00,1.0037166608400003
2026-07-18 13:25:00,1.0037166608400003
2026-07-18 13:30:00,1.0037166608400003
2026-07-18 13:35:00,1.0037166608400003
2026-07-18 13:40:00,1.0037166608400003
2026-07-18 13:45:00,1.0037166608400003
2026-07-18 13:50:00,1.0037166608400003
2026-07-18 13:55:00,1.0037166608400003
2026-07-18 14:00:00,1.0037166608400003
2026-07-18 14:05:00,1.0037166608400003
2026-07-18 14:10:00,1.0037166608400003
2026-07-18 14:15:00,1.0037166608400003
2026-07-18 14:20:00,1.0038399808400003
2026-07-18 14:25:00,1.0036399808400003
2026-07-18 14:30:00,1.0037633408400002
2026-07-18 14:35:00,1.0037633408400002
2026-07-18 14:40:00,1.0037633408400002
2026-07-18 14:45:00,1.0037633408400002
2026-07-18 14:50:00,1.0037633408400002
2026-07-18 14:55:00,1.0037633408400002
2026-07-18 15:00:00,1.0037633408400002
2026-07-18 15:05:00,1.0037633408400002
2026-07-18 15:10:00,1.0037633408400002
2026-07-18 15:15:00,1.0036870608400004
2026-07-18 15:20:00,1.0030870608400004
2026-07-18 15:25:00,1.0055341008400003
2026-07-18 15:30:00,1.0053052608400002
2026-07-18 15:35:00,1.0053052608400002
2026-07-18 15:40:00,1.0053052608400002
2026-07-18 15:45:00,1.0053052608400002
2026-07-18 15:50:00,1.0053052608400002
2026-07-18 15:55:00,1.0053052608400002
2026-07-18 16:00:00,1.0053052608400002
2026-07-18 16:05:00,1.0053052608400002
2026-07-18 16:10:00,1.0053052608400002
2026-07-18 16:15:00,1.0046707170800004
2026-07-18 16:20:00,1.0046707170800004
2026-07-18 16:25:00,1.0054707170800004
2026-07-18 16:30:00,1.0050707170800004
2026-07-18 16:35:00,1.0058707170800003
2026-07-18 16:40:00,1.0074707170800004
2026-07-18 16:45:00,1.0062707170800003
2026-07-18 16:50:00,1.0070707170800004
2026-07-18 16:55:00,1.0078707170800003
2026-07-18 17:00:00,1.0090707170800004
2026-07-18 17:05:00,1.0094707170800004
2026-07-18 17:10:00,1.0086707170800004
2026-07-18 17:15:00,1.0106707170800002
2026-07-18 17:20:00,1.0116403014000002
2026-07-18 17:25:00,1.0116403014000002
2026-07-18 17:30:00,1.0116403014000002
2026-07-18 17:35:00,1.0116403014000002
2026-07-18 17:40:00,1.0116403014000002
2026-07-18 17:45:00,1.0116403014000002
2026-07-18 17:50:00,1.0116403014000002
2026-07-18 17:55:00,1.0116403014000002
2026-07-18 18:00:00,1.0116403014000002
2026-07-18 18:05:00,1.0116403014000002
2026-07-18 18:10:00,1.0116403014000002
2026-07-18 18:15:00,1.0116403014000002
2026-07-18 18:20:00,1.0116403014000002
2026-07-18 18:25:00,1.0116403014000002
2026-07-18 18:30:00,1.0116403014000002
2026-07-18 18:35:00,1.0116403014000002
2026-07-18 18:40:00,1.0116403014000002
2026-07-18 18:45:00,1.0116403014000002
2026-07-18 18:50:00,1.0116403014000002
2026-07-18 18:55:00,1.0116403014000002
2026-07-18 19:00:00,1.0112128214000002
2026-07-18 19:05:00,1.0100128214000001
2026-07-18 19:10:00,1.0100128214000001
2026-07-18 19:15:00,1.0099369014000004
2026-07-18 19:20:00,1.0091369014000002
2026-07-18 19:25:00,1.0087369014000003
2026-07-18 19:30:00,1.0083369014000003
2026-07-18 19:35:00,1.0091369014000002
2026-07-18 19:40:00,1.0091369014000002
2026-07-18 19:45:00,1.0087369014000003
2026-07-18 19:50:00,1.0077990585200003
2026-07-18 19:55:00,1.0077990585200003
2026-07-18 20:00:00,1.0037990585200003
2026-07-18 20:05:00,1.0005990585200004
2026-07-18 20:10:00,0.9997990585200003
2026-07-18 20:15:00,1.0021990585200002
2026-07-18 20:20:00,1.0037990585200003
2026-07-18 20:25:00,1.0061990585200002
2026-07-18 20:30:00,0.9989990585200004
2026-07-18 20:35:00,0.9979224985200005
2026-07-18 20:40:00,0.9999224985200005
2026-07-18 20:45:00,0.9992929385200006
2026-07-18 20:50:00,0.9984631785200004
2026-07-18 20:55:00,1.0014631785200006
2026-07-18 21:00:00,1.0044631785200004
2026-07-18 21:05:00,1.0044631785200004
2026-07-18 21:10:00,1.0104631785200004
2026-07-18 21:15:00,1.0114631785200006
2026-07-18 21:20:00,1.0094631785200006
2026-07-18 21:25:00,1.0044631785200004
2026-07-18 21:30:00,1.0034631785200006
2026-07-18 21:35:00,1.0054631785200006
2026-07-18 21:40:00,1.0044631785200004
2026-07-18 21:45:00,1.0064631785200004
2026-07-18 21:50:00,1.0064631785200004
2026-07-18 21:55:00,1.0054631785200006
2026-07-18 22:00:00,1.0064631785200004
2026-07-18 22:05:00,1.0054631785200006
2026-07-18 22:10:00,1.0044631785200004
2026-07-18 22:15:00,1.0064342985200005
2026-07-18 22:20:00,1.0060342985200006
2026-07-18 22:25:00,1.0034838979600005
2026-07-18 22:30:00,1.0042838979600004
2026-07-18 22:35:00,1.0042838979600004
2026-07-18 22:40:00,1.0026838979600003
2026-07-18 22:45:00,1.0018838979600004
2026-07-18 22:50:00,1.0010838979600003
2026-07-18 22:55:00,1.0026838979600003
2026-07-18 23:00:00,1.0018838979600004
2026-07-18 23:05:00,0.9986838979600005
2026-07-18 23:10:00,0.9986838979600005
2026-07-18 23:15:00,0.9986838979600005
2026-07-18 23:20:00,1.0002838979600004
2026-07-18 23:25:00,1.0026838979600003
2026-07-18 23:30:00,1.0042838979600004
2026-07-18 23:35:00,1.0066838979600004
2026-07-18 23:40:00,1.0058838979600004
2026-07-18 23:45:00,1.0018838979600004
2026-07-18 23:50:00,1.0018838979600004
2026-07-18 23:55:00,1.0026838979600003
2026-07-19 00:00:00,1.0042838979600004
2026-07-19 00:05:00,1.0034838979600005
2026-07-19 00:10:00,1.0002838979600004
2026-07-19 00:15:00,1.0018838979600004
2026-07-19 00:20:00,1.0026838979600003
2026-07-19 00:25:00,1.0042838979600004
2026-07-19 00:30:00,1.0050838979600005
2026-07-19 00:35:00,1.0058838979600004
2026-07-19 00:40:00,1.0050838979600005
2026-07-19 00:45:00,1.0034838979600005
2026-07-19 00:50:00,1.0002838979600004
2026-07-19 00:55:00,0.9975617070400002
2026-07-19 01:00:00,1.0035617070400003
2026-07-19 01:05:00,1.0035617070400003
2026-07-19 01:10:00,1.0035617070400003
2026-07-19 01:15:00,1.0005617070400004
2026-07-19 01:20:00,1.0035617070400003
2026-07-19 01:25:00,1.0025617070400004
2026-07-19 01:30:00,1.0025617070400004
2026-07-19 01:35:00,0.9955617070400002
2026-07-19 01:40:00,0.9935617070400002
2026-07-19 01:45:00,0.9925617070400004
2026-07-19 01:50:00,0.9905617070400003
2026-07-19 01:55:00,0.9895617070400002
2026-07-19 02:00:00,0.9875617070400002
2026-07-19 02:05:00,0.9885617070400003
2026-07-19 02:10:00,0.9855617070400002
2026-07-19 02:15:00,0.9845617070400003
2026-07-19 02:20:00,0.9805617070400003
2026-07-19 02:25:00,0.9805617070400003
2026-07-19 02:30:00,0.9835617070400002
2026-07-19 02:35:00,0.9855617070400002
2026-07-19 02:40:00,0.9875617070400002
2026-07-19 02:45:00,0.9865617070400003
2026-07-19 02:50:00,0.9885617070400003
2026-07-19 02:55:00,0.9875617070400002
2026-07-19 03:00:00,0.9845617070400003
2026-07-19 03:05:00,0.9835617070400002
2026-07-19 03:10:00,0.9855617070400002
2026-07-19 03:15:00,0.9825617070400003
2026-07-19 03:20:00,0.9845617070400003
2026-07-19 03:25:00,0.9865617070400003
2026-07-19 03:30:00,0.9885617070400003
2026-07-19 03:35:00,0.9845617070400003
2026-07-19 03:40:00,0.9855617070400002
2026-07-19 03:45:00,0.9855617070400002
2026-07-19 03:50:00,0.9855617070400002
2026-07-19 03:55:00,0.9865617070400003
2026-07-19 04:00:00,0.9845617070400003
2026-07-19 04:05:00,0.9865617070400003
2026-07-19 04:10:00,0.9845617070400003
2026-07-19 04:15:00,0.9845617070400003
2026-07-19 04:20:00,0.9845617070400003
2026-07-19 04:25:00,0.9865617070400003
2026-07-19 04:30:00,0.9855617070400002
2026-07-19 04:35:00,0.9877296178400002
2026-07-19 04:40:00,0.9877296178400002
2026-07-19 04:45:00,0.9877296178400002
2026-07-19 04:50:00,0.9877296178400002
2026-07-19 04:55:00,0.9877296178400002
2026-07-19 05:00:00,0.9874311665600003
2026-07-19 05:05:00,0.9878311665600003
2026-07-19 05:10:00,0.9866311665600003
2026-07-19 05:15:00,0.9878311665600003
2026-07-19 05:20:00,0.9894311665600003
2026-07-19 05:25:00,0.9890311665600003
2026-07-19 05:30:00,0.9902311665600002
2026-07-19 05:35:00,0.9894311665600003
2026-07-19 05:40:00,0.9925993665600004
2026-07-19 05:45:00,0.9937759527200003
2026-07-19 05:50:00,0.9919759527200002
2026-07-19 05:55:00,0.9937759527200003
2026-07-19 06:00:00,0.9925759527200002
2026-07-19 06:05:00,0.9919759527200002
2026-07-19 06:10:00,0.9907759527200002
2026-07-19 06:15:00,0.9913759527200002
2026-07-19 06:20:00,0.9918987927200004
2026-07-19 06:25:00,0.9921445527200002
2026-07-19 06:30:00,0.9921445527200002
2026-07-19 06:35:00,0.9921445527200002
2026-07-19 06:40:00,0.9925129527200002
2026-07-19 06:45:00,0.9928357927200002
2026-07-19 06:50:00,0.9932357927200002
2026-07-19 06:55:00,0.9924357927200002
2026-07-19 07:00:00,0.9920357927200002
2026-07-19 07:05:00,0.9932357927200002
2026-07-19 07:10:00,0.9932357927200002
2026-07-19 07:15:00,0.9916936702400002
2026-07-19 07:20:00,0.9892936702400004
2026-07-19 07:25:00,0.9900936702400003
2026-07-19 07:30:00,0.9900936702400003
2026-07-19 07:35:00,0.9916936702400002
2026-07-19 07:40:00,0.9924936702400003
2026-07-19 07:45:00,0.9908936702400003
2026-07-19 07:50:00,0.9908936702400003
2026-07-19 07:55:00,0.9924936702400003
2026-07-19 08:00:00,0.9908163902400005
2026-07-19 08:05:00,0.9878163902400003
2026-07-19 08:10:00,0.9898163902400003
2026-07-19 08:15:00,0.9911846702400005
2026-07-19 08:20:00,0.9911846702400005
2026-07-19 08:25:00,0.9933527502400006
2026-07-19 08:30:00,0.9943527502400005
2026-07-19 08:35:00,0.9959554616000006
2026-07-19 08:40:00,0.9965554616000005
2026-07-19 08:45:00,0.9971554616000006
2026-07-19 08:50:00,0.9971554616000006
2026-07-19 08:55:00,0.9971554616000006
2026-07-19 09:00:00,0.9995554616000006
2026-07-19 09:05:00,1.0001554616000006
2026-07-19 09:10:00,1.0001554616000006
2026-07-19 09:15:00,1.0001554616000006
2026-07-19 09:20:00,1.0007554616000005
2026-07-19 09:25:00,1.0001554616000006
2026-07-19 09:30:00,1.0019554616000006
2026-07-19 09:35:00,1.0031554616000007
2026-07-19 09:40:00,1.0037554616000006
2026-07-19 09:45:00,1.0025554616000005
2026-07-19 09:50:00,1.0019554616000006
2026-07-19 09:55:00,1.0024787816000007
2026-07-19 10:00:00,1.0000787816000005
2026-07-19 10:05:00,0.9984787816000006
2026-07-19 10:10:00,0.9976787816000006
2026-07-19 10:15:00,1.0000787816000005
2026-07-19 10:20:00,1.0000787816000005
2026-07-19 10:25:00,1.0004787816000007
2026-07-19 10:30:00,0.9992787816000006
2026-07-19 10:35:00,0.9992787816000006
2026-07-19 10:40:00,1.0000787816000005
2026-07-19 10:45:00,1.0004787816000007
2026-07-19 10:50:00,0.9996787816000007
2026-07-19 10:55:00,0.9996787816000007
2026-07-19 11:00:00,0.9996787816000007
2026-07-19 11:05:00,1.0004787816000007
2026-07-19 11:10:00,1.0004787816000007
2026-07-19 11:15:00,1.0016787816000006
2026-07-19 11:20:00,1.0028787816000007
2026-07-19 11:25:00,1.0031255816000006
2026-07-19 11:30:00,1.0031255816000006
2026-07-19 11:35:00,1.0031255816000006
2026-07-19 11:40:00,1.0031255816000006
2026-07-19 11:45:00,1.0031255816000006
2026-07-19 11:50:00,1.0031255816000006
2026-07-19 11:55:00,1.0031255816000006
2026-07-19 12:00:00,1.0031255816000006
2026-07-19 12:05:00,1.0031255816000006
2026-07-19 12:10:00,1.0036955016000004
2026-07-19 12:15:00,1.0024955016000006
2026-07-19 12:20:00,1.0024955016000006
2026-07-19 12:25:00,1.0018955016000004
2026-07-19 12:30:00,1.0018955016000004
2026-07-19 12:35:00,1.0000955016000006
2026-07-19 12:40:00,1.0012955016000005
2026-07-19 12:45:00,1.0006955016000005
2026-07-19 12:50:00,1.0012955016000005
2026-07-19 12:55:00,1.0006955016000005
2026-07-19 13:00:00,0.9987785742400006
2026-07-19 13:05:00,0.9997785742400007
2026-07-19 13:10:00,0.9987785742400006
2026-07-19 13:15:00,0.9977785742400007
2026-07-19 13:20:00,0.9947785742400006
2026-07-19 13:25:00,0.9967785742400006
2026-07-19 13:30:00,0.9977785742400007
2026-07-19 13:35:00,0.9997785742400007
2026-07-19 13:40:00,0.9977785742400007
2026-07-19 13:45:00,0.9977785742400007
2026-07-19 13:50:00,0.9977785742400007
2026-07-19 13:55:00,0.9967785742400006
2026-07-19 14:00:00,0.9977785742400007
2026-07-19 14:05:00,0.9977785742400007
2026-07-19 14:10:00,0.9967785742400006
2026-07-19 14:15:00,0.9977785742400007
2026-07-19 14:20:00,0.9977785742400007
2026-07-19 14:25:00,0.9957785742400007
2026-07-19 14:30:00,0.9927785742400006
2026-07-19 14:35:00,0.9917785742400007
2026-07-19 14:40:00,0.9907785742400006
2026-07-19 14:45:00,0.9897785742400007
2026-07-19 14:50:00,0.9897785742400007
2026-07-19 14:55:00,0.9867785742400006
2026-07-19 15:00:00,0.9867785742400006
2026-07-19 15:05:00,0.9867785742400006
2026-07-19 15:10:00,0.9887785742400006
2026-07-19 15:15:00,0.9897785742400007
2026-07-19 15:20:00,0.9887785742400006
2026-07-19 15:25:00,0.9877785742400007
2026-07-19 15:30:00,0.9867785742400006
2026-07-19 15:35:00,0.9857785742400007
2026-07-19 15:40:00,0.9867785742400006
2026-07-19 15:45:00,0.9887785742400006
2026-07-19 15:50:00,0.9897785742400007
2026-07-19 15:55:00,0.9877785742400007
2026-07-19 16:00:00,0.9887785742400006
2026-07-19 16:05:00,0.9897785742400007
2026-07-19 16:10:00,0.9877785742400007
2026-07-19 16:15:00,0.9897785742400007
2026-07-19 16:20:00,0.9887785742400006
2026-07-19 16:25:00,0.9857785742400007
2026-07-19 16:30:00,0.9857785742400007
2026-07-19 16:35:00,0.9857785742400007
2026-07-19 16:40:00,0.9837785742400007
2026-07-19 16:45:00,0.9827785742400006
2026-07-19 16:50:00,0.9827785742400006
2026-07-19 16:55:00,0.9827785742400006
2026-07-19 17:00:00,0.9867462542400006
2026-07-19 17:05:00,0.9875462542400005
2026-07-19 17:10:00,0.9876618282400005
2026-07-19 17:15:00,0.9876618282400005
2026-07-19 17:20:00,0.9876618282400005
2026-07-19 17:25:00,0.9876618282400005
2026-07-19 17:30:00,0.9876618282400005
2026-07-19 17:35:00,0.9876618282400005
2026-07-19 17:40:00,0.9876618282400005
2026-07-19 17:45:00,0.9876618282400005
2026-07-19 17:50:00,0.9876618282400005
2026-07-19 17:55:00,0.9876618282400005
2026-07-19 18:00:00,0.9876618282400005
2026-07-19 18:05:00,0.9876618282400005
2026-07-19 18:10:00,0.9876618282400005
2026-07-19 18:15:00,0.9876618282400005
2026-07-19 18:20:00,0.9876618282400005
2026-07-19 18:25:00,0.9876618282400005
2026-07-19 18:30:00,0.9876618282400005
2026-07-19 18:35:00,0.9884307482400005
2026-07-19 18:40:00,0.9881998682400005
2026-07-19 18:45:00,0.9892672238400005
2026-07-19 18:50:00,0.9896672238400005
2026-07-19 18:55:00,0.9912672238400005
2026-07-19 19:00:00,0.9908672238400006
2026-07-19 19:05:00,0.9912672238400005
2026-07-19 19:10:00,0.9924672238400006
2026-07-19 19:15:00,0.9908672238400006
2026-07-19 19:20:00,0.9907901838400006
2026-07-19 19:25:00,0.9919901838400006
2026-07-19 19:30:00,0.9919901838400006
2026-07-19 19:35:00,0.9927133038400006
2026-07-19 19:40:00,0.9933260171200007
2026-07-19 19:45:00,0.9933260171200007
2026-07-19 19:50:00,0.9933260171200007
2026-07-19 19:55:00,0.9933260171200007
2026-07-19 20:00:00,0.9933260171200007
2026-07-19 20:05:00,0.9933260171200007
2026-07-19 20:10:00,0.9933260171200007
2026-07-19 20:15:00,0.9933260171200007
2026-07-19 20:20:00,0.9933260171200007
2026-07-19 20:25:00,0.9933260171200007
2026-07-19 20:30:00,0.9933260171200007
2026-07-19 20:35:00,0.9933260171200007
2026-07-19 20:40:00,0.9933260171200007
2026-07-19 20:45:00,0.9933260171200007
2026-07-19 20:50:00,0.9933260171200007
2026-07-19 20:55:00,0.9933260171200007
2026-07-19 21:00:00,0.9933260171200007
2026-07-19 21:05:00,0.9933260171200007
2026-07-19 21:10:00,0.9933260171200007
2026-07-19 21:15:00,0.9933260171200007
2026-07-19 21:20:00,0.9932492571200007
2026-07-19 21:25:00,0.9932492571200007
2026-07-19 21:30:00,0.9920955771200007
2026-07-19 21:35:00,0.9932955771200007
2026-07-19 21:40:00,0.9920955771200007
2026-07-19 21:45:00,0.9926955771200007
2026-07-19 21:50:00,0.9918187371200007
2026-07-19 21:55:00,0.9928651371200007
2026-07-19 22:00:00,0.9928651371200007
2026-07-19 22:05:00,0.9928651371200007
2026-07-19 22:10:00,0.9916372719200007
2026-07-19 22:15:00,0.9932372719200007
2026-07-19 22:20:00,0.9944372719200006
2026-07-19 22:25:00,0.9946890329600007
2026-07-19 22:30:00,0.9936580729600006
2026-07-19 22:35:00,0.9935039929600006
2026-07-19 22:40:00,0.9926269529600006
2026-07-19 22:45:00,0.9886269529600007
2026-07-19 22:50:00,0.9910269529600007
2026-07-19 22:55:00,0.9918269529600007
2026-07-19 23:00:00,0.9910269529600007
2026-07-19 23:05:00,0.9968732729600006
2026-07-19 23:10:00,0.9956732729600005
2026-07-19 23:15:00,0.9930419529600005
2026-07-19 23:20:00,0.9970419529600005
2026-07-19 23:25:00,0.9990419529600005
2026-07-19 23:30:00,1.0066069766400008
2026-07-19 23:35:00,1.0078069766400009
2026-07-19 23:40:00,1.0066069766400008
2026-07-19 23:45:00,1.0036069766400006
2026-07-19 23:50:00,1.0030069766400007
2026-07-19 23:55:00,1.0048069766400007
2026-07-20 00:00:00,1.0054069766400007
2026-07-20 00:05:00,1.0066069766400008
2026-07-20 00:10:00,1.0063772966400006
2026-07-20 00:15:00,1.0071475366400007
2026-07-20 00:20:00,1.0069179766400007
2026-07-20 00:25:00,1.0069179766400007
2026-07-20 00:30:00,1.0069179766400007
2026-07-20 00:35:00,1.0069179766400007
2026-07-20 00:40:00,1.0069179766400007
2026-07-20 00:45:00,1.0060891366400009
2026-07-20 00:50:00,1.004889136640001
2026-07-20 00:55:00,1.0060891366400009
2026-07-20 01:00:00,1.0058601766400008
2026-07-20 01:05:00,1.0058601766400008
2026-07-20 01:10:00,1.0058601766400008
2026-07-20 01:15:00,1.0058601766400008
2026-07-20 01:20:00,1.0058601766400008
2026-07-20 01:25:00,1.0058601766400008
2026-07-20 01:30:00,1.0058601766400008
2026-07-20 01:35:00,1.0058601766400008
2026-07-20 01:40:00,1.0058601766400008
2026-07-20 01:45:00,1.0058601766400008
2026-07-20 01:50:00,1.0058601766400008
2026-07-20 01:55:00,1.0058601766400008
2026-07-20 02:00:00,1.0058601766400008
2026-07-20 02:05:00,1.0061838166400008
2026-07-20 02:10:00,1.0059838166400008
2026-07-20 02:15:00,1.0057838166400008
2026-07-20 02:20:00,1.0059838166400008
2026-07-20 02:25:00,1.0063838166400008
2026-07-20 02:30:00,1.0055838166400008
2026-07-20 02:35:00,1.0057838166400008
2026-07-20 02:40:00,1.0055838166400008
2026-07-20 02:45:00,1.0055838166400008
2026-07-20 02:50:00,1.0055074166400009
2026-07-20 02:55:00,1.0055074166400009
2026-07-20 03:00:00,1.0055074166400009
2026-07-20 03:05:00,1.0055074166400009
2026-07-20 03:10:00,1.0055074166400009
2026-07-20 03:15:00,1.0055074166400009
2026-07-20 03:20:00,1.0055074166400009
2026-07-20 03:25:00,1.0055074166400009
2026-07-20 03:30:00,1.0055074166400009
2026-07-20 03:35:00,1.0055074166400009
2026-07-20 03:40:00,1.0047404934400008
2026-07-20 03:45:00,1.005663933440001
2026-07-20 03:50:00,1.005663933440001
2026-07-20 03:55:00,1.004063933440001
2026-07-20 04:00:00,1.004063933440001
2026-07-20 04:05:00,1.004063933440001
2026-07-20 04:10:00,1.0032639334400009
2026-07-20 04:15:00,1.005663933440001
2026-07-20 04:20:00,1.004863933440001
2026-07-20 04:25:00,1.004863933440001
2026-07-20 04:30:00,1.004063933440001
2026-07-20 04:35:00,1.004187253440001
2026-07-20 04:40:00,1.004187253440001
2026-07-20 04:45:00,1.0051872534400008
2026-07-20 04:50:00,1.0051872534400008
2026-07-20 04:55:00,1.004187253440001
2026-07-20 05:00:00,1.0051872534400008
2026-07-20 05:05:00,1.0051872534400008
2026-07-20 05:10:00,1.0051872534400008
2026-07-20 05:15:00,1.0074444060800007
2026-07-20 05:20:00,1.0072444060800008
2026-07-20 05:25:00,1.0066444060800008
2026-07-20 05:30:00,1.0068444060800008
2026-07-20 05:35:00,1.0066444060800008
2026-07-20 05:40:00,1.0068444060800008
2026-07-20 05:45:00,1.006767846080001
2026-07-20 05:50:00,1.006767846080001
2026-07-20 05:55:00,1.006767846080001
2026-07-20 06:00:00,1.007538446080001
2026-07-20 06:05:00,1.005738446080001
2026-07-20 06:10:00,1.002738446080001
2026-07-20 06:15:00,0.9963904449600008
2026-07-20 06:20:00,0.999390444960001
2026-07-20 06:25:00,1.000390444960001
2026-07-20 06:30:00,0.999390444960001
2026-07-20 06:35:00,1.002390444960001
2026-07-20 06:40:00,1.003390444960001
2026-07-20 06:45:00,1.006390444960001
2026-07-20 06:50:00,1.0051139249600012
2026-07-20 06:55:00,1.006713924960001
2026-07-20 07:00:00,1.0113611249600012
2026-07-20 07:05:00,1.0105611249600013
2026-07-20 07:10:00,1.010161124960001
2026-07-20 07:15:00,1.0097611249600011
2026-07-20 07:20:00,1.008161124960001
2026-07-20 07:25:00,1.0093611249600012
2026-07-20 07:30:00,1.0077611249600011
2026-07-20 07:35:00,1.0097611249600011
2026-07-20 07:40:00,1.0089611249600012
2026-07-20 07:45:00,1.010161124960001
2026-07-20 07:50:00,1.010161124960001
2026-07-20 07:55:00,1.007684564960001
2026-07-20 08:00:00,1.007084564960001
2026-07-20 08:05:00,1.0033007309600008
2026-07-20 08:10:00,0.992300730960001
2026-07-20 08:15:00,0.992300730960001
2026-07-20 08:20:00,0.9993007309600009
2026-07-20 08:25:00,1.0013007309600008
2026-07-20 08:30:00,1.004300730960001
2026-07-20 08:35:00,0.9973007309600009
2026-07-20 08:40:00,0.998300730960001
2026-07-20 08:45:00,1.004300730960001
2026-07-20 08:50:00,1.0093007309600008
2026-07-20 08:55:00,1.0113007309600008
2026-07-20 09:00:00,1.006300730960001
2026-07-20 09:05:00,0.992300730960001
2026-07-20 09:10:00,0.9993007309600009
2026-07-20 09:15:00,1.000300730960001
2026-07-20 09:20:00,0.9930236909600011
2026-07-20 09:25:00,0.9970236909600012
2026-07-20 09:30:00,1.000223690960001
2026-07-20 09:35:00,0.999423690960001
2026-07-20 09:40:00,1.0058236909600011
2026-07-20 09:45:00,1.0050236909600012
2026-07-20 09:50:00,1.010278403120001
2026-07-20 09:55:00,1.010278403120001
2026-07-20 10:00:00,1.010278403120001
2026-07-20 10:05:00,1.010278403120001
2026-07-20 10:10:00,1.010278403120001
2026-07-20 10:15:00,1.010278403120001
2026-07-20 10:20:00,1.010278403120001
2026-07-20 10:25:00,1.010278403120001
2026-07-20 10:30:00,1.010278403120001
2026-07-20 10:35:00,1.010278403120001
2026-07-20 10:40:00,1.010278403120001
2026-07-20 10:45:00,1.010278403120001
2026-07-20 10:50:00,1.010278403120001
2026-07-20 10:55:00,1.010278403120001
2026-07-20 11:00:00,1.010278403120001
2026-07-20 11:05:00,1.010278403120001
2026-07-20 11:10:00,1.010278403120001
2026-07-20 11:15:00,1.010278403120001
2026-07-20 11:20:00,1.010278403120001
2026-07-20 11:25:00,1.010278403120001
2026-07-20 11:30:00,1.010278403120001
2026-07-20 11:35:00,1.010001483120001
2026-07-20 11:40:00,1.010001483120001
2026-07-20 11:45:00,1.010401483120001
2026-07-20 11:50:00,1.011047323120001
2026-07-20 11:55:00,1.011047323120001
2026-07-20 12:00:00,1.0110938348200011
2026-07-20 12:05:00,1.009063194820001
2026-07-20 12:10:00,1.005279548740001
2026-07-20 12:15:00,1.0042795487400011
2026-07-20 12:20:00,1.005279548740001
2026-07-20 12:25:00,1.009279548740001
2026-07-20 12:30:00,1.011602668740001
2026-07-20 12:35:00,1.0146487487400013
2026-07-20 12:40:00,1.0141719487400012
2026-07-20 12:45:00,1.0129719487400013
2026-07-20 12:50:00,1.0076185087400011
2026-07-20 12:55:00,1.0076185087400011
2026-07-20 13:00:00,1.0035419487400012
2026-07-20 13:05:00,1.0034655887400012
2026-07-20 13:10:00,1.0024655887400011
2026-07-20 13:15:00,1.0074655887400012
2026-07-20 13:20:00,1.0034655887400012
2026-07-20 13:25:00,1.0044655887400011
2026-07-20 13:30:00,1.0064655887400011
2026-07-20 13:35:00,1.0024655887400011
2026-07-20 13:40:00,1.0024655887400011
2026-07-20 13:45:00,0.998465588740001
2026-07-20 13:50:00,0.996465588740001
2026-07-20 13:55:00,0.998465588740001
2026-07-20 14:00:00,0.9994655887400011
2026-07-20 14:05:00,1.0017129487400012
2026-07-20 14:10:00,1.002760628740001
2026-07-20 14:15:00,1.001760628740001
2026-07-20 14:20:00,0.9997606287400009
2026-07-20 14:25:00,1.002760628740001
2026-07-20 14:30:00,0.9997606287400009
2026-07-20 14:35:00,0.9957606287400009
2026-07-20 14:40:00,1.000760628740001
2026-07-20 14:45:00,0.998760628740001
2026-07-20 14:50:00,1.001760628740001
2026-07-20 14:55:00,0.9997606287400009
2026-07-20 15:00:00,1.003760628740001
2026-07-20 15:05:00,1.003760628740001
2026-07-20 15:10:00,1.002760628740001
2026-07-20 15:15:00,1.001760628740001
2026-07-20 15:20:00,1.004950864860001
2026-07-20 15:25:00,1.0081508648600008
2026-07-20 15:30:00,1.0085508648600008
2026-07-20 15:35:00,1.006550864860001
2026-07-20 15:40:00,1.0081508648600008
2026-07-20 15:45:00,1.0085508648600008
2026-07-20 15:50:00,1.0097508648600009
2026-07-20 15:55:00,1.011350864860001
2026-07-20 16:00:00,1.013350864860001
2026-07-20 16:05:00,1.0125508648600008
2026-07-20 16:10:00,1.014950864860001
2026-07-20 16:15:00,1.010950864860001
2026-07-20 16:20:00,1.0117508648600009
2026-07-20 16:25:00,1.010950864860001
2026-07-20 16:30:00,1.0117508648600009
2026-07-20 16:35:00,1.0081508648600008
2026-07-20 16:40:00,1.0085508648600008
2026-07-20 16:45:00,1.010550864860001
2026-07-20 16:50:00,1.0097508648600009
2026-07-20 16:55:00,1.0101508648600008
2026-07-20 17:00:00,1.009350864860001
2026-07-20 17:05:00,1.009350864860001
2026-07-20 17:10:00,1.0097508648600009
2026-07-20 17:15:00,1.011350864860001
2026-07-20 17:20:00,1.0143962248600011
2026-07-20 17:25:00,1.0143962248600011
2026-07-20 17:30:00,1.014719024860001
2026-07-20 17:35:00,1.0143190248600011
2026-07-20 17:40:00,1.0145190248600011
2026-07-20 17:45:00,1.014719024860001
2026-07-20 17:50:00,1.015119024860001
2026-07-20 17:55:00,1.015119024860001
2026-07-20 18:00:00,1.015119024860001
2026-07-20 18:05:00,1.014919024860001
2026-07-20 18:10:00,1.014919024860001
2026-07-20 18:15:00,1.0159190248600012
2026-07-20 18:20:00,1.0158415048600011
2026-07-20 18:25:00,1.0158415048600011
2026-07-20 18:30:00,1.0158415048600011
2026-07-20 18:35:00,1.0169639848600012
2026-07-20 18:40:00,1.0171639848600011
2026-07-20 18:45:00,1.0171639848600011
2026-07-20 18:50:00,1.0173639848600011
2026-07-20 18:55:00,1.0169639848600012
2026-07-20 19:00:00,1.015963984860001
2026-07-20 19:05:00,1.016886224860001
2026-07-20 19:10:00,1.016886224860001
2026-07-20 19:15:00,1.016886224860001
2026-07-20 19:20:00,1.016886224860001
2026-07-20 19:25:00,1.016886224860001
2026-07-20 19:30:00,1.016886224860001
2026-07-20 19:35:00,1.016886224860001
2026-07-20 19:40:00,1.016886224860001
2026-07-20 19:45:00,1.016886224860001
2026-07-20 19:50:00,1.021252424860001
2026-07-20 19:55:00,1.022452424860001
2026-07-20 20:00:00,1.016452424860001
2026-07-20 20:05:00,1.018852424860001
2026-07-20 20:10:00,1.0182524248600011
2026-07-20 20:15:00,1.0158524248600012
2026-07-20 20:20:00,1.018852424860001
2026-07-20 20:25:00,1.0186181848600009
2026-07-20 20:30:00,1.0186181848600009
2026-07-20 20:35:00,1.0186181848600009
2026-07-20 20:40:00,1.0186181848600009
2026-07-20 20:45:00,1.0186181848600009
2026-07-20 20:50:00,1.0186181848600009
2026-07-20 20:55:00,1.0189393848600008
2026-07-20 21:00:00,1.0207393848600008
2026-07-20 21:05:00,1.019939384860001
2026-07-20 21:10:00,1.0189393848600008
2026-07-20 21:15:00,1.019539384860001
2026-07-20 21:20:00,1.017539384860001
2026-07-20 21:25:00,1.0171393848600008
2026-07-20 21:30:00,1.017460784860001
2026-07-20 21:35:00,1.017460784860001
2026-07-20 21:40:00,1.017460784860001
2026-07-20 21:45:00,1.017460784860001
2026-07-20 21:50:00,1.017460784860001
2026-07-20 21:55:00,1.017460784860001
2026-07-20 22:00:00,1.017460784860001
2026-07-20 22:05:00,1.017460784860001
2026-07-20 22:10:00,1.017460784860001
2026-07-20 22:15:00,1.017460784860001
2026-07-20 22:20:00,1.0219869213400012
2026-07-20 22:25:00,1.0263869213400012
2026-07-20 22:30:00,1.027986921340001
2026-07-20 22:35:00,1.0271869213400011
2026-07-20 22:40:00,1.0277497213400009
2026-07-20 22:45:00,1.0257497213400009
2026-07-20 22:50:00,1.0117497213400009
2026-07-20 22:55:00,1.0177497213400009
2026-07-20 23:00:00,1.0239129213400011
2026-07-20 23:05:00,1.0235129213400012
2026-07-20 23:10:00,1.026076481340001
2026-07-20 23:15:00,1.0190764813400008
2026-07-20 23:20:00,1.016076481340001
2026-07-20 23:25:00,1.018997761340001
2026-07-20 23:30:00,1.017397761340001
2026-07-20 23:35:00,1.014197761340001
2026-07-20 23:40:00,1.019797761340001
2026-07-20 23:45:00,1.024839761340001
2026-07-20 23:50:00,1.027641489260001
2026-07-20 23:55:00,1.027641489260001
2026-07-21 00:00:00,1.027641489260001
2026-07-21 00:05:00,1.028362449260001
2026-07-21 00:10:00,1.029362449260001
2026-07-21 00:15:00,1.029762449260001
2026-07-21 00:20:00,1.0289624492600011
2026-07-21 00:25:00,1.0285624492600012
2026-07-21 00:30:00,1.027762449260001
2026-07-21 00:35:00,1.028162449260001
2026-07-21 00:40:00,1.028083289260001
2026-07-21 00:45:00,1.028083289260001
2026-07-21 00:50:00,1.028083289260001
2026-07-21 00:55:00,1.028083289260001
2026-07-21 01:00:00,1.028083289260001
2026-07-21 01:05:00,1.028083289260001
2026-07-21 01:10:00,1.028083289260001
2026-07-21 01:15:00,1.028083289260001
2026-07-21 01:20:00,1.028724409020001
2026-07-21 01:25:00,1.0283244090200008
2026-07-21 01:30:00,1.0279244090200008
2026-07-21 01:35:00,1.027124409020001
2026-07-21 01:40:00,1.0267244090200007
2026-07-21 01:45:00,1.0275244090200009
2026-07-21 01:50:00,1.0299244090200008
2026-07-21 01:55:00,1.0295244090200009
2026-07-21 02:00:00,1.030645409020001
2026-07-21 02:05:00,1.0318454090200009
2026-07-21 02:10:00,1.033645409020001
2026-07-21 02:15:00,1.030645409020001
2026-07-21 02:20:00,1.027045409020001
2026-07-21 02:25:00,1.029287809020001
2026-07-21 02:30:00,1.028287809020001
2026-07-21 02:35:00,1.031287809020001
2026-07-21 02:40:00,1.029450809020001
2026-07-21 02:45:00,1.028171969020001
2026-07-21 02:50:00,1.028171969020001
2026-07-21 02:55:00,1.027981842460001
2026-07-21 03:00:00,1.023981842460001
2026-07-21 03:05:00,1.026981842460001
2026-07-21 03:10:00,1.021981842460001
2026-07-21 03:15:00,1.025981842460001
2026-07-21 03:20:00,1.023981842460001
2026-07-21 03:25:00,1.026981842460001
2026-07-21 03:30:00,1.020981842460001
2026-07-21 03:35:00,1.018981842460001
2026-07-21 03:40:00,1.023981842460001
2026-07-21 03:45:00,1.0263032824600011
2026-07-21 03:50:00,1.028703282460001
2026-07-21 03:55:00,1.0263032824600011
2026-07-21 04:00:00,1.028703282460001
2026-07-21 04:05:00,1.0279032824600012
2026-07-21 04:10:00,1.0319032824600012
2026-07-21 04:15:00,1.032108938140001
2026-07-21 04:20:00,1.032108938140001
2026-07-21 04:25:00,1.032108938140001
2026-07-21 04:30:00,1.032108938140001
2026-07-21 04:35:00,1.032108938140001
2026-07-21 04:40:00,1.032108938140001
2026-07-21 04:45:00,1.032108938140001
2026-07-21 04:50:00,1.032108938140001
2026-07-21 04:55:00,1.032108938140001
2026-07-21 05:00:00,1.032108938140001
2026-07-21 05:05:00,1.032108938140001
2026-07-21 05:10:00,1.032108938140001
2026-07-21 05:15:00,1.032108938140001
2026-07-21 05:20:00,1.032108938140001
2026-07-21 05:25:00,1.032108938140001
2026-07-21 05:30:00,1.032108938140001
2026-07-21 05:35:00,1.032108938140001
2026-07-21 05:40:00,1.032108938140001
2026-07-21 05:45:00,1.032108938140001
2026-07-21 05:50:00,1.031248957660001
2026-07-21 05:55:00,1.030448957660001
2026-07-21 06:00:00,1.030448957660001
2026-07-21 06:05:00,1.031248957660001
2026-07-21 06:10:00,1.030448957660001
2026-07-21 06:15:00,1.0292489576600012
2026-07-21 06:20:00,1.0296489576600012
2026-07-21 06:25:00,1.0292489576600012
2026-07-21 06:30:00,1.0276489576600012
2026-07-21 06:35:00,1.0276489576600012
2026-07-21 06:40:00,1.026848957660001
2026-07-21 06:45:00,1.026848957660001
2026-07-21 06:50:00,1.027248957660001
2026-07-21 06:55:00,1.0280489576600012
2026-07-21 07:00:00,1.028448957660001
2026-07-21 07:05:00,1.030848957660001
2026-07-21 07:10:00,1.031248957660001
2026-07-21 07:15:00,1.032848957660001
2026-07-21 07:20:00,1.0344489576600011
2026-07-21 07:25:00,1.034336468540001
2026-07-21 07:30:00,1.034336468540001
2026-07-21 07:35:00,1.034336468540001
2026-07-21 07:40:00,1.034336468540001
2026-07-21 07:45:00,1.034336468540001
2026-07-21 07:50:00,1.034336468540001
2026-07-21 07:55:00,1.034336468540001
2026-07-21 08:00:00,1.034336468540001
2026-07-21 08:05:00,1.034336468540001
2026-07-21 08:10:00,1.034336468540001
2026-07-21 08:15:00,1.034336468540001
2026-07-21 08:20:00,1.034336468540001
2026-07-21 08:25:00,1.034336468540001
2026-07-21 08:30:00,1.034336468540001
2026-07-21 08:35:00,1.034336468540001
2026-07-21 08:40:00,1.034336468540001
2026-07-21 08:45:00,1.034336468540001
2026-07-21 08:50:00,1.034336468540001
2026-07-21 08:55:00,1.034336468540001
2026-07-21 09:00:00,1.034336468540001
2026-07-21 09:05:00,1.034336468540001
2026-07-21 09:10:00,1.034336468540001
2026-07-21 09:15:00,1.034336468540001
2026-07-21 09:20:00,1.034336468540001
2026-07-21 09:25:00,1.034336468540001
2026-07-21 09:30:00,1.034336468540001
2026-07-21 09:35:00,1.034336468540001
2026-07-21 09:40:00,1.034336468540001
2026-07-21 09:45:00,1.034336468540001
2026-07-21 09:50:00,1.034336468540001
2026-07-21 09:55:00,1.034336468540001
2026-07-21 10:00:00,1.034336468540001
2026-07-21 10:05:00,1.034336468540001
2026-07-21 10:10:00,1.034336468540001
2026-07-21 10:15:00,1.033810635100001
2026-07-21 10:20:00,1.0382106351000011
2026-07-21 10:25:00,1.037010635100001
2026-07-21 10:30:00,1.0382106351000011
2026-07-21 10:35:00,1.039010635100001
2026-07-21 10:40:00,1.0387309151000008
2026-07-21 10:45:00,1.0381309151000009
2026-07-21 10:50:00,1.039330915100001
2026-07-21 10:55:00,1.042267015900001
2026-07-21 11:00:00,1.042267015900001
2026-07-21 11:05:00,1.0432670159000008
2026-07-21 11:10:00,1.0450670159000008
2026-07-21 11:15:00,1.044467015900001
2026-07-21 11:20:00,1.0446670159000009
2026-07-21 11:25:00,1.0468670159000009
2026-07-21 11:30:00,1.0466670159000009
2026-07-21 11:35:00,1.046467015900001
2026-07-21 11:40:00,1.0458670159000008
2026-07-21 11:45:00,1.0460670159000007
2026-07-21 11:50:00,1.046467015900001
2026-07-21 11:55:00,1.046267015900001
2026-07-21 12:00:00,1.0472670159000008
2026-07-21 12:05:00,1.0471858959000009
2026-07-21 12:10:00,1.0471858959000009
2026-07-21 12:15:00,1.0471858959000009
2026-07-21 12:20:00,1.0471858959000009
2026-07-21 12:25:00,1.0471858959000009
2026-07-21 12:30:00,1.0471858959000009
2026-07-21 12:35:00,1.0471858959000009
2026-07-21 12:40:00,1.0471858959000009
2026-07-21 12:45:00,1.0471858959000009
2026-07-21 12:50:00,1.0471858959000009
2026-07-21 12:55:00,1.0471858959000009
2026-07-21 13:00:00,1.0471858959000009
2026-07-21 13:05:00,1.0471858959000009
2026-07-21 13:10:00,1.0471858959000009
2026-07-21 13:15:00,1.0471858959000009
2026-07-21 13:20:00,1.0471858959000009
2026-07-21 13:25:00,1.0471858959000009
2026-07-21 13:30:00,1.0471858959000009
2026-07-21 13:35:00,1.0471858959000009
2026-07-21 13:40:00,1.0471858959000009
2026-07-21 13:45:00,1.0471858959000009
2026-07-21 13:50:00,1.0471858959000009
2026-07-21 13:55:00,1.0471858959000009
2026-07-21 14:00:00,1.0493410959000007
2026-07-21 14:05:00,1.0439410959000008
2026-07-21 14:10:00,1.0487410959000008
2026-07-21 14:15:00,1.0488958559000008
2026-07-21 14:20:00,1.0488958559000008
2026-07-21 14:25:00,1.0488958559000008
2026-07-21 14:30:00,1.0488958559000008
2026-07-21 14:35:00,1.0488958559000008
2026-07-21 14:40:00,1.0488958559000008
2026-07-21 14:45:00,1.0488958559000008
2026-07-21 14:50:00,1.0488958559000008
2026-07-21 14:55:00,1.0488958559000008
2026-07-21 15:00:00,1.0488958559000008
2026-07-21 15:05:00,1.0488958559000008
2026-07-21 15:10:00,1.0488958559000008
2026-07-21 15:15:00,1.0488958559000008
2026-07-21 15:20:00,1.0481973486200007
2026-07-21 15:25:00,1.0469973486200008
2026-07-21 15:30:00,1.0485973486200006
2026-07-21 15:35:00,1.0485973486200006
2026-07-21 15:40:00,1.046197348620001
2026-07-21 15:45:00,1.0469973486200008
2026-07-21 15:50:00,1.0449973486200008
2026-07-21 15:55:00,1.0445973486200009
2026-07-21 16:00:00,1.0437973486200007
2026-07-21 16:05:00,1.044555668620001
2026-07-21 16:10:00,1.044555668620001
2026-07-21 16:15:00,1.0435556686200007
2026-07-21 16:20:00,1.0435556686200007
2026-07-21 16:25:00,1.0395556686200007
2026-07-21 16:30:00,1.0385556686200008
2026-07-21 16:35:00,1.037555668620001
2026-07-21 16:40:00,1.0385556686200008
2026-07-21 16:45:00,1.0385556686200008
2026-07-21 16:50:00,1.032555668620001
2026-07-21 16:55:00,1.0315556686200007
2026-07-21 17:00:00,1.025555668620001
2026-07-21 17:05:00,1.028555668620001
2026-07-21 17:10:00,1.033555668620001
2026-07-21 17:15:00,1.033555668620001
2026-07-21 17:20:00,1.036555668620001
2026-07-21 17:25:00,1.041555668620001
2026-07-21 17:30:00,1.0425556686200008
2026-07-21 17:35:00,1.045555668620001
2026-07-21 17:40:00,1.044555668620001
2026-07-21 17:45:00,1.048555668620001
2026-07-21 17:50:00,1.036555668620001
2026-07-21 17:55:00,1.032555668620001
2026-07-21 18:00:00,1.0385556686200008
2026-07-21 18:05:00,1.033555668620001
2026-07-21 18:10:00,1.0315556686200007
2026-07-21 18:15:00,1.028555668620001
2026-07-21 18:20:00,1.0334755086200011
2026-07-21 18:25:00,1.0334755086200011
2026-07-21 18:30:00,1.0334755086200011
2026-07-21 18:35:00,1.030275508620001
2026-07-21 18:40:00,1.0270755086200012
2026-07-21 18:45:00,1.024319933460001
2026-07-21 18:50:00,1.021319933460001
2026-07-21 18:55:00,1.022319933460001
2026-07-21 19:00:00,1.021319933460001
2026-07-21 19:05:00,1.020319933460001
2026-07-21 19:10:00,1.020319933460001
2026-07-21 19:15:00,1.019319933460001
2026-07-21 19:20:00,1.021319933460001
2026-07-21 19:25:00,1.024319933460001
2026-07-21 19:30:00,1.024319933460001
2026-07-21 19:35:00,1.025319933460001
2026-07-21 19:40:00,1.025319933460001
2026-07-21 19:45:00,1.027319933460001
2026-07-21 19:50:00,1.026319933460001
2026-07-21 19:55:00,1.028319933460001
2026-07-21 20:00:00,1.025319933460001
2026-07-21 20:05:00,1.024319933460001
2026-07-21 20:10:00,1.018319933460001
2026-07-21 20:15:00,1.017319933460001
2026-07-21 20:20:00,1.012319933460001
2026-07-21 20:25:00,1.013319933460001
2026-07-21 20:30:00,1.013319933460001
2026-07-21 20:35:00,1.015319933460001
2026-07-21 20:40:00,1.015319933460001
2026-07-21 20:45:00,1.016319933460001
2026-07-21 20:50:00,1.015319933460001
2026-07-21 20:55:00,1.014319933460001
2026-07-21 21:00:00,1.016319933460001
2026-07-21 21:05:00,1.019319933460001
2026-07-21 21:10:00,1.021319933460001
2026-07-21 21:15:00,1.018319933460001
2026-07-21 21:20:00,1.015319933460001
2026-07-21 21:25:00,1.011319933460001
2026-07-21 21:30:00,1.008319933460001
2026-07-21 21:35:00,1.009319933460001
2026-07-21 21:40:00,1.009319933460001
2026-07-21 21:45:00,1.015761213460001
2026-07-21 21:50:00,1.0169612134600008
2026-07-21 21:55:00,1.0163612134600009
2026-07-21 22:00:00,1.0145612134600008
2026-07-21 22:05:00,1.011898272500001
2026-07-21 22:10:00,1.015898272500001
2026-07-21 22:15:00,1.011898272500001
2026-07-21 22:20:00,0.999898272500001
2026-07-21 22:25:00,0.9988982725000011
2026-07-21 22:30:00,0.999898272500001
2026-07-21 22:35:00,0.999898272500001
2026-07-21 22:40:00,1.003898272500001
2026-07-21 22:45:00,0.999898272500001
2026-07-21 22:50:00,1.002898272500001
2026-07-21 22:55:00,1.002898272500001
2026-07-21 23:00:00,0.9968982725000011
2026-07-21 23:05:00,0.9988982725000011
2026-07-21 23:10:00,0.9988982725000011
2026-07-21 23:15:00,0.997898272500001
2026-07-21 23:20:00,0.993898272500001
2026-07-21 23:25:00,0.9928982725000011
2026-07-21 23:30:00,0.991898272500001
2026-07-21 23:35:00,0.991898272500001
2026-07-21 23:40:00,0.9828982725000011
2026-07-21 23:45:00,0.989898272500001
2026-07-21 23:50:00,0.985898272500001
2026-07-21 23:55:00,0.9848982725000011
2026-07-22 00:00:00,0.987898272500001
2026-07-22 00:05:00,0.981898272500001
2026-07-22 00:10:00,0.981898272500001
2026-07-22 00:15:00,0.9798982725000009
2026-07-22 00:20:00,0.9678982725000009
2026-07-22 00:25:00,0.968898272500001
2026-07-22 00:30:00,0.9718982725000009
2026-07-22 00:35:00,0.972898272500001
2026-07-22 00:40:00,0.970898272500001
2026-07-22 00:45:00,0.962898272500001
2026-07-22 00:50:00,0.962898272500001
2026-07-22 00:55:00,0.9698982725000009
2026-07-22 01:00:00,0.970898272500001
2026-07-22 01:05:00,0.9618982725000009
2026-07-22 01:10:00,0.9598982725000009
2026-07-22 01:15:00,0.9598982725000009
2026-07-22 01:20:00,0.9618982725000009
2026-07-22 01:25:00,0.958898272500001
2026-07-22 01:30:00,0.958898272500001
2026-07-22 01:35:00,0.964898272500001
2026-07-22 01:40:00,0.9638982725000009
2026-07-22 01:45:00,0.9598982725000009
2026-07-22 01:50:00,0.962898272500001
2026-07-22 01:55:00,0.9678982725000009
2026-07-22 02:00:00,0.9678982725000009
2026-07-22 02:05:00,0.966898272500001
2026-07-22 02:10:00,0.966898272500001
2026-07-22 02:15:00,0.970898272500001
2026-07-22 02:20:00,0.968898272500001
2026-07-22 02:25:00,0.966898272500001
2026-07-22 02:30:00,0.970898272500001
2026-07-22 02:35:00,0.970898272500001
2026-07-22 02:40:00,0.9698982725000009
2026-07-22 02:45:00,0.964898272500001
2026-07-22 02:50:00,0.9658982725000009
2026-07-22 02:55:00,0.9638982725000009
2026-07-22 03:00:00,0.9658982725000009
2026-07-22 03:05:00,0.9658982725000009
2026-07-22 03:10:00,0.9618982725000009
2026-07-22 03:15:00,0.9737952155000011
2026-07-22 03:20:00,0.9737952155000011
2026-07-22 03:25:00,0.9691633355000011
2026-07-22 03:30:00,0.970009335500001
2026-07-22 03:35:00,0.9747322955000011
2026-07-22 03:40:00,0.9739322955000012
2026-07-22 03:45:00,0.9739322955000012
2026-07-22 03:50:00,0.9747322955000011
2026-07-22 03:55:00,0.9747322955000011
2026-07-22 04:00:00,0.9739322955000012
2026-07-22 04:05:00,0.9755322955000012
2026-07-22 04:10:00,0.9755322955000012
2026-07-22 04:15:00,0.9739322955000012
2026-07-22 04:20:00,0.9723322955000011
2026-07-22 04:25:00,0.9723322955000011
2026-07-22 04:30:00,0.9753776555000011
2026-07-22 04:35:00,0.9753776555000011
2026-07-22 04:40:00,0.9753776555000011
2026-07-22 04:45:00,0.974423015500001
2026-07-22 04:50:00,0.975223015500001
2026-07-22 04:55:00,0.9760230155000009
2026-07-22 05:00:00,0.975223015500001
2026-07-22 05:05:00,0.975223015500001
2026-07-22 05:10:00,0.975223015500001
2026-07-22 05:15:00,0.9728230155000009
2026-07-22 05:20:00,0.9757099992600009
2026-07-22 05:25:00,0.9739099992600009
2026-07-22 05:30:00,0.9739099992600009
2026-07-22 05:35:00,0.972109999260001
2026-07-22 05:40:00,0.972109999260001
2026-07-22 05:45:00,0.972109999260001
2026-07-22 05:50:00,0.9703099992600008
2026-07-22 05:55:00,0.9715099992600009
2026-07-22 06:00:00,0.9715099992600009
2026-07-22 06:05:00,0.973309999260001
2026-07-22 06:10:00,0.9745099992600009
2026-07-22 06:15:00,0.9745099992600009
2026-07-22 06:20:00,0.9745099992600009
2026-07-22 06:25:00,0.9757099992600009
2026-07-22 06:30:00,0.9763099992600008
2026-07-22 06:35:00,0.9763099992600008
2026-07-22 06:40:00,0.9751099992600009
2026-07-22 06:45:00,0.9751099992600009
2026-07-22 06:50:00,0.9763099992600008
2026-07-22 06:55:00,0.9763099992600008
2026-07-22 07:00:00,0.9751099992600009
2026-07-22 07:05:00,0.9727099992600009
2026-07-22 07:10:00,0.9727099992600009
2026-07-22 07:15:00,0.9751099992600009
2026-07-22 07:20:00,0.973309999260001
2026-07-22 07:25:00,0.9751099992600009
2026-07-22 07:30:00,0.9757099992600009
2026-07-22 07:35:00,0.9763099992600008
2026-07-22 07:40:00,0.9763099992600008
2026-07-22 07:45:00,0.9763099992600008
2026-07-22 07:50:00,0.976909999260001
2026-07-22 07:55:00,0.9763099992600008
2026-07-22 08:00:00,0.9733516889100009
2026-07-22 08:05:00,0.9733516889100009
2026-07-22 08:10:00,0.969919648910001
2026-07-22 08:15:00,0.9677645289100011
2026-07-22 08:20:00,0.9680869689100011
2026-07-22 08:25:00,0.9672869689100012
2026-07-22 08:30:00,0.9664869689100011
2026-07-22 08:35:00,0.9664869689100011
2026-07-22 08:40:00,0.9664869689100011
2026-07-22 08:45:00,0.9632869689100011
2026-07-22 08:50:00,0.9632869689100011
2026-07-22 08:55:00,0.961686968910001
2026-07-22 09:00:00,0.9648869689100011
2026-07-22 09:05:00,0.9664869689100011
2026-07-22 09:10:00,0.9664869689100011
2026-07-22 09:15:00,0.9680869689100011
2026-07-22 09:20:00,0.9704869689100012
2026-07-22 09:25:00,0.9696869689100011
2026-07-22 09:30:00,0.9688869689100011
2026-07-22 09:35:00,0.9672869689100012
2026-07-22 09:40:00,0.9696869689100011
2026-07-22 09:45:00,0.9632869689100011
2026-07-22 09:50:00,0.9640869689100012
2026-07-22 09:55:00,0.9672869689100012
2026-07-22 10:00:00,0.9691318489100011
2026-07-22 10:05:00,0.9695318489100011
2026-07-22 10:10:00,0.967376488910001
2026-07-22 10:15:00,0.9681764889100011
2026-07-22 10:20:00,0.9697764889100011
2026-07-22 10:25:00,0.9713764889100011
2026-07-22 10:30:00,0.9728343314700011
2026-07-22 10:35:00,0.9736343314700011
2026-07-22 10:40:00,0.9740343314700012
2026-07-22 10:45:00,0.9744343314700011
2026-07-22 10:50:00,0.9744343314700011
2026-07-22 10:55:00,0.9748343314700012
2026-07-22 11:00:00,0.9752343314700012
2026-07-22 11:05:00,0.9764343314700011
2026-07-22 11:10:00,0.9780343314700012
2026-07-22 11:15:00,0.9772343314700012
2026-07-22 11:20:00,0.9760343314700012
2026-07-22 11:25:00,0.9752343314700012
2026-07-22 11:30:00,0.977080411470001
2026-07-22 11:35:00,0.977080411470001
2026-07-22 11:40:00,0.977080411470001
2026-07-22 11:45:00,0.977080411470001
2026-07-22 11:50:00,0.977080411470001
2026-07-22 11:55:00,0.977080411470001
2026-07-22 12:00:00,0.977080411470001
2026-07-22 12:05:00,0.9766038514700011
2026-07-22 12:10:00,0.9764038514700011
2026-07-22 12:15:00,0.9764038514700011
2026-07-22 12:20:00,0.9765734914700012
2026-07-22 12:25:00,0.9765734914700012
2026-07-22 12:30:00,0.9769734914700011
2026-07-22 12:35:00,0.9765734914700012
2026-07-22 12:40:00,0.9757734914700011
2026-07-22 12:45:00,0.9765734914700012
2026-07-22 12:50:00,0.9765734914700012
2026-07-22 12:55:00,0.9761734914700011
2026-07-22 13:00:00,0.9769734914700011
2026-07-22 13:05:00,0.9777734914700011
2026-07-22 13:10:00,0.9785734914700011
2026-07-22 13:15:00,0.9793734914700011
2026-07-22 13:20:00,0.9821734914700011
2026-07-22 13:25:00,0.9805734914700012
2026-07-22 13:30:00,0.9793734914700011
2026-07-22 13:35:00,0.9817734914700011
2026-07-22 13:40:00,0.9821734914700011
2026-07-22 13:45:00,0.9813734914700012
2026-07-22 13:50:00,0.9821734914700011
2026-07-22 13:55:00,0.9821734914700011
2026-07-22 14:00:00,0.9817734914700011
2026-07-22 14:05:00,0.9821734914700011
2026-07-22 14:10:00,0.9813734914700012
2026-07-22 14:15:00,0.9816209314700011
2026-07-22 14:20:00,0.9816209314700011
2026-07-22 14:25:00,0.9816209314700011
2026-07-22 14:30:00,0.9813449314700011
2026-07-22 14:35:00,0.9805449314700011
2026-07-22 14:40:00,0.9807449314700011
2026-07-22 14:45:00,0.9806687714700012
2026-07-22 14:50:00,0.9809162114700013
2026-07-22 14:55:00,0.9825162114700012
2026-07-22 15:00:00,0.9841162114700013
2026-07-22 15:05:00,0.9921162114700013
2026-07-22 15:10:00,0.9909162114700012
2026-07-22 15:15:00,0.9925162114700012
2026-07-22 15:20:00,0.9913162114700013
2026-07-22 15:25:00,0.9905162114700012
2026-07-22 15:30:00,0.9925162114700012
2026-07-22 15:35:00,0.9949162114700012
2026-07-22 15:40:00,0.9925162114700012
2026-07-22 15:45:00,0.9941162114700013
2026-07-22 15:50:00,0.9937162114700012
2026-07-22 15:55:00,0.9921162114700013
2026-07-22 16:00:00,0.9913162114700013
2026-07-22 16:05:00,0.9901162114700013
2026-07-22 16:10:00,0.9929162114700013
2026-07-22 16:15:00,0.9935662914700011
2026-07-22 16:20:00,0.9935662914700011
2026-07-22 16:25:00,0.9935662914700011
2026-07-22 16:30:00,0.9935662914700011
2026-07-22 16:35:00,0.9935662914700011
2026-07-22 16:40:00,0.9935662914700011
2026-07-22 16:45:00,0.9935662914700011
2026-07-22 16:50:00,0.9935662914700011
2026-07-22 16:55:00,0.9935662914700011
2026-07-22 17:00:00,0.9935662914700011
2026-07-22 17:05:00,0.9935662914700011
2026-07-22 17:10:00,0.9935662914700011
2026-07-22 17:15:00,0.9935662914700011
2026-07-22 17:20:00,0.9935662914700011
2026-07-22 17:25:00,0.9935662914700011
2026-07-22 17:30:00,0.9935662914700011
2026-07-22 17:35:00,0.9935662914700011
2026-07-22 17:40:00,0.9935662914700011
2026-07-22 17:45:00,0.9935662914700011
2026-07-22 17:50:00,0.9935662914700011
2026-07-22 17:55:00,0.9931409714700011
2026-07-22 18:00:00,0.9937409714700011
2026-07-22 18:05:00,0.9925409714700011
2026-07-22 18:10:00,0.9931156514700011
2026-07-22 18:15:00,0.9931156514700011
2026-07-22 18:20:00,0.9931156514700011
2026-07-22 18:25:00,0.9920443955500011
2026-07-22 18:30:00,0.9928443955500011
2026-07-22 18:35:00,0.9928443955500011
2026-07-22 18:40:00,0.9928443955500011
2026-07-22 18:45:00,0.9924443955500011
2026-07-22 18:50:00,0.9916443955500011
2026-07-22 18:55:00,0.9924443955500011
2026-07-22 19:00:00,0.9920443955500011
2026-07-22 19:05:00,0.9922177555500012
2026-07-22 19:10:00,0.9952177555500011
2026-07-22 19:15:00,0.9962177555500012
2026-07-22 19:20:00,0.9922177555500012
2026-07-22 19:25:00,0.9922177555500012
2026-07-22 19:30:00,0.9922177555500012
2026-07-22 19:35:00,0.9952177555500011
2026-07-22 19:40:00,1.0002177555500011
2026-07-22 19:45:00,0.9942177555500012
2026-07-22 19:50:00,0.9942177555500012
2026-07-22 19:55:00,0.9942177555500012
2026-07-22 20:00:00,0.9972177555500011
2026-07-22 20:05:00,0.9991087638700012
2026-07-22 20:10:00,0.9979087638700012
2026-07-22 20:15:00,0.9985087638700011
2026-07-22 20:20:00,0.9985087638700011
2026-07-22 20:25:00,0.9955087638700012
2026-07-22 20:30:00,0.9979087638700012
2026-07-22 20:35:00,0.998083003870001
2026-07-22 20:40:00,0.998083003870001
2026-07-22 20:45:00,0.998083003870001
2026-07-22 20:50:00,0.998083003870001
2026-07-22 20:55:00,0.9976572038700011
2026-07-22 21:00:00,0.998257203870001
2026-07-22 21:05:00,0.9980314838700011
2026-07-22 21:10:00,0.9980314838700011
2026-07-22 21:15:00,0.9980314838700011
2026-07-22 21:20:00,0.999156323870001
2026-07-22 21:25:00,0.998556323870001
2026-07-22 21:30:00,0.997805763870001
2026-07-22 21:35:00,0.997205763870001
2026-07-22 21:40:00,0.9973305238700011
2026-07-22 21:45:00,0.9965305238700011
2026-07-22 21:50:00,0.995082783230001
2026-07-22 21:55:00,0.9958827832300011
2026-07-22 22:00:00,0.995082783230001
2026-07-22 22:05:00,0.9942827832300011
2026-07-22 22:10:00,0.991882783230001
2026-07-22 22:15:00,0.995082783230001
2026-07-22 22:20:00,1.002932703230001
2026-07-22 22:25:00,1.004132703230001
2026-07-22 22:30:00,1.004373716430001
2026-07-22 22:35:00,1.0037737164300011
2026-07-22 22:40:00,1.004773716430001
2026-07-22 22:45:00,1.003973716430001
2026-07-22 22:50:00,1.003573716430001
2026-07-22 22:55:00,1.002973716430001
2026-07-22 23:00:00,1.002573716430001
2026-07-22 23:05:00,1.002573716430001
2026-07-22 23:10:00,1.002373716430001
2026-07-22 23:15:00,1.002373716430001
2026-07-22 23:20:00,0.999699181070001
2026-07-22 23:25:00,0.9990991810700011
2026-07-22 23:30:00,0.999699181070001
2026-07-22 23:35:00,1.000299181070001
2026-07-22 23:40:00,1.000899181070001
2026-07-22 23:45:00,1.000299181070001
2026-07-22 23:50:00,1.004223741070001
2026-07-22 23:55:00,1.004623741070001
2026-07-23 00:00:00,1.005823741070001
2026-07-23 00:05:00,1.0034237410700009
2026-07-23 00:10:00,1.004223741070001
2026-07-23 00:15:00,1.006623741070001
2026-07-23 00:20:00,1.0078237410700008
2026-07-23 00:25:00,1.006623741070001
2026-07-23 00:30:00,1.002223741070001
2026-07-23 00:35:00,1.000623741070001
2026-07-23 00:40:00,1.002223741070001
2026-07-23 00:45:00,1.0034237410700009
2026-07-23 00:50:00,1.0054237410700009
2026-07-23 00:55:00,1.004623741070001
2026-07-23 01:00:00,1.004223741070001
2026-07-23 01:05:00,1.004148221070001
2026-07-23 01:10:00,1.004748221070001
2026-07-23 01:15:00,1.007748221070001
2026-07-23 01:20:00,1.007748221070001
2026-07-23 01:25:00,1.009263874270001
2026-07-23 01:30:00,1.009263874270001
2026-07-23 01:35:00,1.008463874270001
2026-07-23 01:40:00,1.007663874270001
2026-07-23 01:45:00,1.0088638742700011
2026-07-23 01:50:00,1.008788634270001
2026-07-23 01:55:00,1.008788634270001
2026-07-23 02:00:00,1.008788634270001
2026-07-23 02:05:00,1.008788634270001
2026-07-23 02:10:00,1.008788634270001
2026-07-23 02:15:00,1.0089631942700008
2026-07-23 02:20:00,1.011963194270001
2026-07-23 02:25:00,1.011738434270001
2026-07-23 02:30:00,1.011738434270001
2026-07-23 02:35:00,1.011738434270001
2026-07-23 02:40:00,1.010864154270001
2026-07-23 02:45:00,1.0102641542700008
2026-07-23 02:50:00,1.0098641542700009
2026-07-23 02:55:00,1.0102641542700008
2026-07-23 03:00:00,1.010189594270001
