time,point,kind,dir,price,amount,fee,basket,basket_held_after
2026-07-18 05:10:00,entry_boll,entry,short,1.927062,0.4,0.000154,boll,0.4
2026-07-18 06:00:00,exit_boll,exit,short,1.913435,0.4,0.000153,boll,0.0
2026-07-18 07:20:00,entry_boll,entry,short,1.920825,0.4,0.000154,boll,0.4
2026-07-18 08:15:00,entry_open,entry,short,1.927,0.4,0.000154,open,0.4
2026-07-18 08:15:00,entry_close,entry,short,1.927,0.2,7.7e-05,close,0.2
2026-07-18 08:25:00,exit_close,exit,short,1.93,0.2,7.7e-05,close,0.0
2026-07-18 08:30:00,exit_open,exit,short,1.927,0.4,0.000154,open,0.0
2026-07-18 09:05:00,exit_boll,exit,short,1.91959,0.4,0.000154,boll,0.0
2026-07-18 09:55:00,entry_boll,entry,short,1.930076,0.4,0.000154,boll,0.4
2026-07-18 10:20:00,entry_open,entry,short,1.929,0.4,0.000154,open,0.4
2026-07-18 10:20:00,entry_close,entry,short,1.929,0.2,7.7e-05,close,0.2
2026-07-18 10:30:00,exit_close,exit,short,1.931,0.2,7.7e-05,close,0.0
2026-07-18 10:35:00,entry_boll,entry,short,1.936,0.2,7.7e-05,boll,0.6
2026-07-18 11:25:00,exit_open,exit,short,1.936,0.4,0.000155,open,0.0
2026-07-18 12:20:00,exit_boll,exit,short,1.926501,0.6,0.000231,boll,0.0
2026-07-18 12:50:00,entry_close,entry,short,1.929,0.2,7.7e-05,close,0.2
2026-07-18 13:00:00,exit_close,exit,short,1.927,0.2,7.7e-05,close,0.0
2026-07-18 14:20:00,entry_close,entry,short,1.917,0.2,7.7e-05,close,0.2
2026-07-18 14:30:00,exit_close,exit,short,1.916,0.2,7.7e-05,close,0.0
2026-07-18 15:15:00,entry_close,entry,short,1.907,0.2,7.6e-05,close,0.2
2026-07-18 15:25:00,entry_open,entry,short,1.912,0.4,0.000153,open,0.4
2026-07-18 15:30:00,exit_close,exit,short,1.907,0.2,7.6e-05,close,0.0
2026-07-18 15:30:00,exit_open,exit,short,1.907,0.4,0.000153,open,0.0
2026-07-18 16:15:00,entry_boll,entry,short,1.916797,0.4,0.000153,boll,0.4
2026-07-18 17:20:00,exit_boll,exit,short,1.900196,0.4,0.000152,boll,0.0
2026-07-18 19:00:00,entry_open,entry,short,1.896,0.4,0.000152,open,0.4
2026-07-18 19:00:00,entry_close,entry,short,1.895,0.2,7.6e-05,close,0.2
2026-07-18 19:15:00,exit_close,exit,short,1.898,0.2,7.6e-05,close,0.0
2026-07-18 19:50:00,entry_boll,entry,short,1.903036,0.4,0.000152,boll,0.4
2026-07-18 20:35:00,entry_open,entry,short,1.914,0.2,7.7e-05,open,0.6
2026-07-18 20:45:00,exit_open,exit,short,1.913,0.6,0.00023,open,0.0
2026-07-18 20:50:00,entry_open,entry,short,1.915,0.4,0.000153,open,0.4
2026-07-18 20:50:00,entry_close,entry,short,1.914,0.2,7.7e-05,close,0.2
2026-07-18 22:15:00,exit_close,exit,short,1.908,0.2,7.6e-05,close,0.0
2026-07-18 22:15:00,exit_open,exit,short,1.907,0.4,0.000153,open,0.0
2026-07-18 22:25:00,entry_boll,entry,short,1.915007,0.4,0.000153,boll,0.8
2026-07-19 00:55:00,entry_boll,entry,short,1.919773,0.2,7.7e-05,boll,1.0
2026-07-19 04:35:00,exit_boll,exit,short,1.930446,1.0,0.000386,boll,0.0
2026-07-19 05:00:00,entry_boll,entry,short,1.935641,0.4,0.000155,boll,0.4
2026-07-19 05:40:00,entry_open,entry,short,1.932,0.4,0.000155,open,0.4
2026-07-19 05:40:00,entry_close,entry,short,1.931,0.2,7.7e-05,close,0.2
2026-07-19 05:45:00,exit_boll,exit,short,1.927673,0.4,0.000154,boll,0.0
2026-07-19 06:20:00,exit_close,exit,short,1.929,0.2,7.7e-05,close,0.0
2026-07-19 06:25:00,exit_open,exit,short,1.928,0.4,0.000154,open,0.0
2026-07-19 06:40:00,entry_open,entry,short,1.93,0.4,0.000154,open,0.4
2026-07-19 06:40:00,entry_close,entry,short,1.93,0.2,7.7e-05,close,0.2
2026-07-19 06:45:00,exit_close,exit,short,1.929,0.2,7.7e-05,close,0.0
2026-07-19 07:15:00,entry_boll,entry,short,1.931531,0.4,0.000155,boll,0.4
2026-07-19 08:00:00,entry_open,entry,short,1.932,0.2,7.7e-05,open,0.6
2026-07-19 08:15:00,exit_open,exit,short,1.931,0.6,0.000232,open,0.0
2026-07-19 08:25:00,entry_open,entry,short,1.933,0.4,0.000155,open,0.4
2026-07-19 08:25:00,entry_close,entry,short,1.932,0.2,7.7e-05,close,0.2
2026-07-19 08:35:00,exit_boll,exit,short,1.926108,0.4,0.000154,boll,0.0
2026-07-19 09:55:00,exit_close,exit,short,1.917,0.2,7.7e-05,close,0.0
2026-07-19 11:25:00,exit_open,exit,short,1.915,0.4,0.000153,open,0.0
2026-07-19 12:10:00,entry_open,entry,short,1.918,0.4,0.000153,open,0.4
2026-07-19 12:10:00,entry_close,entry,short,1.916,0.2,7.7e-05,close,0.2
2026-07-19 13:00:00,entry_boll,entry,short,1.921592,0.4,0.000154,boll,0.4
2026-07-19 17:00:00,exit_close,exit,short,1.936,0.2,7.7e-05,close,0.0
2026-07-19 17:00:00,exit_open,exit,short,1.936,0.4,0.000155,open,0.0
2026-07-19 17:10:00,exit_boll,exit,short,1.930325,0.4,0.000154,boll,0.0
2026-07-19 18:35:00,entry_open,entry,short,1.926,0.4,0.000154,open,0.4
2026-07-19 18:35:00,entry_close,entry,short,1.925,0.2,7.7e-05,close,0.2
2026-07-19 18:40:00,exit_close,exit,short,1.924,0.2,7.7e-05,close,0.0
2026-07-19 18:40:00,exit_open,exit,short,1.924,0.4,0.000154,open,0.0
2026-07-19 18:45:00,entry_boll,entry,short,1.933055,0.4,0.000155,boll,0.4
2026-07-19 19:20:00,entry_open,entry,short,1.926,0.2,7.7e-05,open,0.2
2026-07-19 19:35:00,exit_open,exit,short,1.922,0.2,7.7e-05,open,0.0
2026-07-19 19:40:00,exit_boll,exit,short,1.921084,0.4,0.000154,boll,0.0
2026-07-19 21:20:00,entry_close,entry,short,1.919,0.2,7.7e-05,close,0.2
2026-07-19 21:30:00,entry_open,entry,short,1.921,0.4,0.000154,open,0.4
2026-07-19 21:50:00,exit_close,exit,short,1.921,0.2,7.7e-05,close,0.0
2026-07-19 21:55:00,exit_open,exit,short,1.92,0.4,0.000154,open,0.0
2026-07-19 22:10:00,entry_boll,entry,short,1.923315,0.4,0.000154,boll,0.4
2026-07-19 22:25:00,exit_boll,exit,short,1.917987,0.4,0.000153,boll,0.0
2026-07-19 22:30:00,entry_open,entry,short,1.926,0.4,0.000154,open,0.4
2026-07-19 22:30:00,entry_close,entry,short,1.922,0.2,7.7e-05,close,0.2
2026-07-19 22:35:00,entry_boll,entry,short,1.926,0.4,0.000154,boll,0.4
2026-07-19 22:40:00,exit_close,exit,short,1.926,0.2,7.7e-05,close,0.0
2026-07-19 23:05:00,exit_open,exit,short,1.921,0.4,0.000154,open,0.0
2026-07-19 23:15:00,entry_open,entry,short,1.929,0.4,0.000154,open,0.4
2026-07-19 23:15:00,entry_close,entry,short,1.925,0.2,7.7e-05,close,0.2
2026-07-19 23:30:00,exit_boll,exit,short,1.917204,0.4,0.000153,boll,0.0
2026-07-20 00:10:00,exit_close,exit,short,1.914,0.2,7.7e-05,close,0.0
2026-07-20 00:10:00,exit_open,exit,short,1.914,0.4,0.000153,open,0.0
2026-07-20 00:15:00,entry_open,entry,short,1.915,0.4,0.000153,open,0.4
2026-07-20 00:15:00,entry_close,entry,short,1.914,0.2,7.7e-05,close,0.2
2026-07-20 00:20:00,exit_close,exit,short,1.913,0.2,7.7e-05,close,0.0
2026-07-20 00:20:00,exit_open,exit,short,1.913,0.4,0.000153,open,0.0
2026-07-20 00:45:00,entry_open,entry,short,1.909,0.4,0.000153,open,0.4
2026-07-20 00:45:00,entry_close,entry,short,1.903,0.2,7.6e-05,close,0.2
2026-07-20 01:00:00,exit_close,exit,short,1.908,0.2,7.6e-05,close,0.0
2026-07-20 01:00:00,exit_open,exit,short,1.908,0.4,0.000153,open,0.0
2026-07-20 02:05:00,entry_close,entry,short,1.909,0.2,7.6e-05,close,0.2
2026-07-20 02:50:00,exit_close,exit,short,1.91,0.2,7.6e-05,close,0.0
2026-07-20 03:40:00,entry_open,entry,short,1.914,0.4,0.000153,open,0.4
2026-07-20 03:40:00,entry_close,entry,short,1.914,0.2,7.7e-05,close,0.2
2026-07-20 03:40:00,entry_boll,entry,short,1.91554,0.4,0.000153,boll,0.4
2026-07-20 03:45:00,exit_close,exit,short,1.914,0.2,7.7e-05,close,0.0
2026-07-20 04:35:00,entry_open,entry,short,1.917,0.2,7.7e-05,open,0.6
2026-07-20 05:15:00,exit_boll,exit,short,1.913592,0.4,0.000153,boll,0.0
2026-07-20 05:15:00,exit_open,exit,short,1.912,0.4,0.000153,open,0.2
2026-07-20 05:45:00,exit_open,exit,short,1.914,0.2,7.7e-05,open,0.0
2026-07-20 06:00:00,entry_open,entry,short,1.914,0.4,0.000153,open,0.4
2026-07-20 06:00:00,entry_close,entry,short,1.907,0.2,7.6e-05,close,0.2
2026-07-20 06:15:00,entry_boll,entry,short,1.920014,0.4,0.000154,boll,0.4
2026-07-20 06:50:00,exit_close,exit,short,1.913,0.2,7.7e-05,close,0.0
2026-07-20 07:00:00,exit_open,exit,short,1.91,0.4,0.000153,open,0.0
2026-07-20 07:55:00,entry_open,entry,short,1.914,0.2,7.7e-05,open,0.2
2026-07-20 08:05:00,entry_boll,entry,short,1.922925,0.4,0.000154,boll,0.8
2026-07-20 09:20:00,exit_open,exit,short,1.926,0.2,7.7e-05,open,0.0
2026-07-20 09:50:00,exit_boll,exit,short,1.913049,0.8,0.000306,boll,0.0
2026-07-20 11:35:00,entry_close,entry,short,1.923,0.2,7.7e-05,close,0.2
2026-07-20 11:50:00,entry_open,entry,short,1.927,0.4,0.000154,open,0.4
2026-07-20 12:05:00,entry_open,entry,long,1.922,0.4,0.000154,open,0.4
2026-07-20 12:05:00,entry_close,entry,long,1.922,0.2,7.7e-05,close,0.2
2026-07-20 12:10:00,entry_boll,entry,long,1.915576,0.4,0.000153,boll,0.4
2026-07-20 12:30:00,exit_close,exit,long,1.922,0.2,7.7e-05,close,0.0
2026-07-20 12:35:00,exit_open,exit,long,1.924,0.4,0.000154,open,0.0
2026-07-20 12:40:00,entry_close,entry,long,1.92,0.2,7.7e-05,close,0.2
2026-07-20 12:50:00,entry_open,entry,long,1.918,0.4,0.000153,open,0.4
2026-07-20 13:00:00,exit_close,exit,long,1.914,0.2,7.7e-05,close,0.0
2026-07-20 13:05:00,entry_boll,entry,long,1.909,0.2,7.6e-05,boll,0.6
2026-07-20 14:05:00,exit_open,exit,long,1.908,0.4,0.000153,open,0.0
2026-07-20 14:10:00,entry_open,entry,long,1.904,0.4,0.000152,open,0.4
2026-07-20 15:20:00,exit_boll,exit,long,1.909699,0.6,0.000229,boll,0.0
2026-07-20 17:20:00,exit_open,exit,long,1.933,0.4,0.000155,open,0.0
2026-07-20 17:30:00,entry_close,entry,long,1.93,0.2,7.7e-05,close,0.2
2026-07-20 18:20:00,exit_close,exit,long,1.938,0.2,7.8e-05,close,0.0
2026-07-20 18:35:00,entry_close,entry,long,1.938,0.2,7.8e-05,close,0.2
2026-07-20 19:05:00,exit_close,exit,long,1.944,0.2,7.8e-05,close,0.0
2026-07-20 19:50:00,entry_open,entry,long,1.949,0.4,0.000156,open,0.4
2026-07-20 19:50:00,entry_close,entry,long,1.947,0.2,7.8e-05,close,0.2
2026-07-20 20:25:00,exit_close,exit,long,1.952,0.2,7.8e-05,close,0.0
2026-07-20 20:25:00,exit_open,exit,long,1.952,0.4,0.000156,open,0.0
2026-07-20 20:55:00,entry_close,entry,long,1.97,0.2,7.9e-05,close,0.2
2026-07-20 21:30:00,exit_close,exit,long,1.965,0.2,7.9e-05,close,0.0
2026-07-20 22:20:00,entry_boll,entry,long,1.953294,0.4,0.000156,boll,0.4
2026-07-20 22:40:00,entry_open,entry,long,1.976,0.4,0.000158,open,0.4
2026-07-20 22:40:00,entry_close,entry,long,1.978,0.2,7.9e-05,close,0.2
2026-07-20 23:00:00,exit_close,exit,long,1.968,0.2,7.9e-05,close,0.0
2026-07-20 23:00:00,exit_open,exit,long,1.976,0.4,0.000158,open,0.0
2026-07-20 23:10:00,entry_open,entry,long,1.968,0.4,0.000157,open,0.4
2026-07-20 23:10:00,entry_close,entry,long,1.975,0.2,7.9e-05,close,0.2
2026-07-20 23:25:00,exit_close,exit,long,1.968,0.2,7.9e-05,close,0.0
2026-07-20 23:45:00,exit_open,exit,long,1.975,0.4,0.000158,open,0.0
2026-07-20 23:50:00,exit_boll,exit,long,1.983401,0.4,0.000159,boll,0.0
2026-07-21 00:05:00,entry_close,entry,long,1.976,0.2,7.9e-05,close,0.2
2026-07-21 00:40:00,exit_close,exit,long,1.979,0.2,7.9e-05,close,0.0
2026-07-21 01:20:00,entry_boll,entry,long,1.971003,0.4,0.000158,boll,0.4
2026-07-21 02:00:00,entry_close,entry,long,1.975,0.2,7.9e-05,close,0.2
2026-07-21 02:25:00,entry_open,entry,long,1.97,0.4,0.000158,open,0.4
2026-07-21 02:40:00,exit_close,exit,long,1.975,0.2,7.9e-05,close,0.0
2026-07-21 02:40:00,exit_open,exit,long,1.975,0.4,0.000158,open,0.0
2026-07-21 02:45:00,entry_open,entry,long,1.971,0.2,7.9e-05,open,0.2
2026-07-21 02:55:00,entry_boll,entry,long,1.966582,0.4,0.000157,boll,0.8
2026-07-21 03:45:00,exit_open,exit,long,1.964,0.2,7.9e-05,open,0.0
2026-07-21 04:15:00,exit_boll,exit,long,1.974652,0.8,0.000316,boll,0.0
2026-07-21 05:50:00,entry_boll,entry,long,1.969756,0.4,0.000158,boll,0.4
2026-07-21 07:25:00,exit_boll,exit,long,1.976114,0.4,0.000158,boll,0.0
2026-07-21 10:15:00,entry_boll,entry,long,1.982918,0.4,0.000159,boll,0.4
2026-07-21 10:40:00,entry_close,entry,long,1.993,0.2,8e-05,close,0.2
2026-07-21 10:55:00,exit_boll,exit,long,1.99874,0.4,0.00016,boll,0.0
2026-07-21 12:05:00,exit_close,exit,long,2.028,0.2,8.1e-05,close,0.0
2026-07-21 14:00:00,entry_open,entry,long,2.04,0.4,0.000163,open,0.4
2026-07-21 14:00:00,entry_close,entry,long,2.04,0.2,8.2e-05,close,0.2
2026-07-21 14:15:00,exit_close,exit,long,2.043,0.2,8.2e-05,close,0.0
2026-07-21 14:15:00,exit_open,exit,long,2.044,0.4,0.000164,open,0.0
2026-07-21 15:20:00,entry_boll,entry,long,2.026341,0.4,0.000162,boll,0.4
2026-07-21 16:05:00,entry_open,entry,long,2.014,0.4,0.000161,open,0.4
2026-07-21 16:05:00,entry_close,entry,long,2.014,0.2,8.1e-05,close,0.2
2026-07-21 18:20:00,exit_close,exit,long,2.004,0.2,8e-05,close,0.0
2026-07-21 18:45:00,entry_boll,entry,long,1.994379,0.2,8e-05,boll,0.6
2026-07-21 21:45:00,exit_open,exit,long,1.984,0.4,0.000159,open,0.0
2026-07-21 22:05:00,entry_boll,entry,long,1.976762,0.4,0.000158,boll,1.0
2026-07-22 03:15:00,exit_boll,exit,long,1.940285,1.0,0.000388,boll,0.0
2026-07-22 03:25:00,entry_open,entry,long,1.928,0.4,0.000154,open,0.4
2026-07-22 03:25:00,entry_close,entry,long,1.941,0.2,7.8e-05,close,0.2
2026-07-22 03:30:00,entry_boll,entry,long,1.925,0.4,0.000154,boll,0.4
2026-07-22 03:35:00,exit_close,exit,long,1.926,0.2,7.7e-05,close,0.0
2026-07-22 04:30:00,exit_open,exit,long,1.933,0.4,0.000155,open,0.0
2026-07-22 04:45:00,entry_open,entry,long,1.933,0.4,0.000155,open,0.4
2026-07-22 05:20:00,entry_boll,entry,long,1.929406,0.2,7.7e-05,boll,0.6
2026-07-22 05:20:00,exit_open,exit,long,1.933,0.4,0.000155,open,0.0
2026-07-22 08:10:00,entry_open,entry,short,1.934,0.4,0.000155,open,0.4
2026-07-22 08:10:00,entry_close,entry,short,1.933,0.2,7.7e-05,close,0.2
2026-07-22 08:15:00,entry_boll,entry,short,1.939,0.4,0.000155,boll,0.4
2026-07-22 08:20:00,exit_close,exit,short,1.939,0.2,7.8e-05,close,0.0
2026-07-22 10:00:00,exit_open,exit,short,1.939,0.4,0.000155,open,0.0
2026-07-22 10:10:00,entry_open,entry,short,1.942,0.4,0.000155,open,0.4
2026-07-22 10:30:00,exit_boll,exit,short,1.936968,0.4,0.000155,boll,0.0
2026-07-22 11:30:00,exit_open,exit,short,1.924,0.4,0.000154,open,0.0
2026-07-22 12:05:00,entry_close,entry,short,1.914,0.2,7.7e-05,close,0.2
2026-07-22 12:20:00,entry_open,entry,short,1.921,0.4,0.000154,open,0.4
2026-07-22 12:20:00,exit_close,exit,short,1.917,0.2,7.7e-05,close,0.0
2026-07-22 14:15:00,exit_open,exit,short,1.907,0.4,0.000153,open,0.0
2026-07-22 14:30:00,entry_close,entry,short,1.9,0.2,7.6e-05,close,0.2
2026-07-22 14:45:00,exit_close,exit,short,1.904,0.2,7.6e-05,close,0.0
2026-07-22 14:50:00,entry_open,entry,short,1.907,0.4,0.000153,open,0.4
2026-07-22 16:15:00,exit_open,exit,short,1.874,0.4,0.00015,open,0.0
2026-07-22 17:55:00,entry_open,entry,short,1.878,0.4,0.00015,open,0.4
2026-07-22 17:55:00,entry_close,entry,short,1.877,0.2,7.5e-05,close,0.2
2026-07-22 18:10:00,exit_close,exit,short,1.877,0.2,7.5e-05,close,0.0
2026-07-22 18:10:00,exit_open,exit,short,1.878,0.4,0.00015,open,0.0
2026-07-22 18:25:00,entry_boll,entry,short,1.885699,0.4,0.000151,boll,0.4
2026-07-22 19:05:00,entry_open,entry,short,1.889,0.4,0.000151,open,0.4
2026-07-22 19:05:00,entry_close,entry,short,1.888,0.2,7.6e-05,close,0.2
2026-07-22 20:05:00,exit_boll,exit,short,1.882396,0.4,0.000151,boll,0.0
2026-07-22 20:35:00,exit_close,exit,short,1.882,0.2,7.5e-05,close,0.0
2026-07-22 20:35:00,exit_open,exit,short,1.881,0.4,0.00015,open,0.0
2026-07-22 20:55:00,entry_open,entry,short,1.882,0.4,0.000151,open,0.4
2026-07-22 20:55:00,entry_close,entry,short,1.881,0.2,7.5e-05,close,0.2
2026-07-22 21:05:00,exit_close,exit,short,1.881,0.2,7.5e-05,close,0.0
2026-07-22 21:05:00,exit_open,exit,short,1.881,0.4,0.00015,open,0.0
2026-07-22 21:20:00,entry_close,entry,short,1.879,0.2,7.5e-05,close,0.2
2026-07-22 21:30:00,entry_open,entry,short,1.882,0.4,0.000151,open,0.4
2026-07-22 21:40:00,exit_close,exit,short,1.881,0.2,7.5e-05,close,0.0
2026-07-22 21:50:00,entry_boll,entry,short,1.886758,0.4,0.000151,boll,0.4
2026-07-22 22:20:00,exit_open,exit,short,1.876,0.4,0.00015,open,0.0
2026-07-22 22:30:00,entry_close,entry,short,1.878,0.2,7.5e-05,close,0.2
2026-07-22 22:30:00,exit_boll,exit,short,1.873335,0.4,0.00015,boll,0.0
2026-07-22 23:20:00,entry_boll,entry,short,1.891692,0.4,0.000151,boll,0.4
2026-07-22 23:50:00,exit_close,exit,short,1.886,0.2,7.5e-05,close,0.0
2026-07-23 01:05:00,entry_open,entry,short,1.888,0.2,7.6e-05,open,0.2
2026-07-23 01:25:00,exit_boll,exit,short,1.879335,0.4,0.00015,boll,0.0
2026-07-23 01:50:00,exit_open,exit,short,1.881,0.2,7.5e-05,open,0.0
2026-07-23 02:15:00,entry_open,entry,short,1.879,0.4,0.00015,open,0.4
2026-07-23 02:15:00,entry_close,entry,short,1.878,0.2,7.5e-05,close,0.2
2026-07-23 02:25:00,exit_close,exit,short,1.873,0.2,7.5e-05,close,0.0
2026-07-23 02:25:00,exit_open,exit,short,1.873,0.4,0.00015,open,0.0
2026-07-23 02:40:00,entry_close,entry,short,1.857,0.2,7.4e-05,close,0.2
2026-07-23 03:00:00,exit_close,exit,short,1.864,0.2,7.5e-05,close,0.0
