time,basket,dir,exit_point,entry_avg,exit_px,amount,gross,entry_fee,exit_fee,net,holding_bars,holding_hours,reason
2026-07-18 06:00:00,boll,short,exit_boll,1.927062,1.913435,0.4,0.005451,0.000154,0.000153,0.005144,10,0.83,exit_boll限价平仓
2026-07-18 08:25:00,close,short,exit_close,1.927,1.93,0.2,-0.0006,7.7e-05,7.7e-05,-0.000754,2,0.17,exit_close限价平仓
2026-07-18 08:30:00,open,short,exit_open,1.927,1.927,0.4,-0.0,0.000154,0.000154,-0.000308,3,0.25,exit_open限价平仓
2026-07-18 09:05:00,boll,short,exit_boll,1.920825,1.91959,0.4,0.000494,0.000154,0.000154,0.000187,21,1.75,exit_boll限价平仓
2026-07-18 10:30:00,close,short,exit_close,1.929,1.931,0.2,-0.0004,7.7e-05,7.7e-05,-0.000554,2,0.17,exit_close限价平仓
2026-07-18 11:25:00,open,short,exit_open,1.929,1.936,0.4,-0.0028,0.000154,0.000155,-0.003109,13,1.08,exit_open限价平仓
2026-07-18 12:20:00,boll,short,exit_boll,1.932051,1.926501,0.6,0.00333,0.000232,0.000231,0.002867,29,2.42,exit_boll限价平仓
2026-07-18 13:00:00,close,short,exit_close,1.929,1.927,0.2,0.0004,7.7e-05,7.7e-05,0.000246,2,0.17,exit_close限价平仓
2026-07-18 14:30:00,close,short,exit_close,1.917,1.916,0.2,0.0002,7.7e-05,7.7e-05,4.7e-05,2,0.17,exit_close限价平仓
2026-07-18 15:30:00,close,short,exit_close,1.907,1.907,0.2,-0.0,7.6e-05,7.6e-05,-0.000153,3,0.25,exit_close限价平仓
2026-07-18 15:30:00,open,short,exit_open,1.912,1.907,0.4,0.002,0.000153,0.000153,0.001694,1,0.08,exit_open限价平仓
2026-07-18 17:20:00,boll,short,exit_boll,1.916797,1.900196,0.4,0.00664,0.000153,0.000152,0.006335,13,1.08,exit_boll限价平仓
2026-07-18 19:15:00,close,short,exit_close,1.895,1.898,0.2,-0.0006,7.6e-05,7.6e-05,-0.000752,3,0.25,exit_close限价平仓
2026-07-18 20:45:00,open,short,exit_open,1.902,1.913,0.6,-0.0066,0.000228,0.00023,-0.007058,21,1.75,exit_open限价平仓
2026-07-18 22:15:00,close,short,exit_close,1.914,1.908,0.2,0.0012,7.7e-05,7.6e-05,0.001047,17,1.42,exit_close限价平仓
2026-07-18 22:15:00,open,short,exit_open,1.915,1.907,0.4,0.0032,0.000153,0.000153,0.002894,17,1.42,exit_open限价平仓
2026-07-19 04:35:00,boll,short,exit_boll,1.911172,1.930446,1.0,-0.019274,0.000382,0.000386,-0.020043,105,8.75,exit_boll限价平仓
2026-07-19 05:45:00,boll,short,exit_boll,1.935641,1.927673,0.4,0.003187,0.000155,0.000154,0.002878,9,0.75,exit_boll限价平仓
2026-07-19 06:20:00,close,short,exit_close,1.931,1.929,0.2,0.0004,7.7e-05,7.7e-05,0.000246,8,0.67,exit_close限价平仓
2026-07-19 06:25:00,open,short,exit_open,1.932,1.928,0.4,0.0016,0.000155,0.000154,0.001291,9,0.75,exit_open限价平仓
2026-07-19 06:45:00,close,short,exit_close,1.93,1.929,0.2,0.0002,7.7e-05,7.7e-05,4.6e-05,1,0.08,exit_close限价平仓
2026-07-19 08:15:00,open,short,exit_open,1.930667,1.931,0.6,-0.0002,0.000232,0.000232,-0.000663,19,1.58,exit_open限价平仓
2026-07-19 08:35:00,boll,short,exit_boll,1.931531,1.926108,0.4,0.002169,0.000155,0.000154,0.001861,16,1.33,exit_boll限价平仓
2026-07-19 09:55:00,close,short,exit_close,1.932,1.917,0.2,0.003,7.7e-05,7.7e-05,0.002846,18,1.5,exit_close限价平仓
2026-07-19 11:25:00,open,short,exit_open,1.933,1.915,0.4,0.0072,0.000155,0.000153,0.006892,36,3.0,exit_open限价平仓
2026-07-19 17:00:00,close,short,exit_close,1.916,1.936,0.2,-0.004,7.7e-05,7.7e-05,-0.004154,58,4.83,exit_close限价平仓
2026-07-19 17:00:00,open,short,exit_open,1.918,1.936,0.4,-0.0072,0.000153,0.000155,-0.007508,58,4.83,exit_open限价平仓
2026-07-19 17:10:00,boll,short,exit_boll,1.921592,1.930325,0.4,-0.003493,0.000154,0.000154,-0.003801,50,4.17,exit_boll限价平仓
2026-07-19 18:40:00,close,short,exit_close,1.925,1.924,0.2,0.0002,7.7e-05,7.7e-05,4.6e-05,1,0.08,exit_close限价平仓
2026-07-19 18:40:00,open,short,exit_open,1.926,1.924,0.4,0.0008,0.000154,0.000154,0.000492,1,0.08,exit_open限价平仓
2026-07-19 19:35:00,open,short,exit_open,1.926,1.922,0.2,0.0008,7.7e-05,7.7e-05,0.000646,3,0.25,exit_open限价平仓
2026-07-19 19:40:00,boll,short,exit_boll,1.933055,1.921084,0.4,0.004788,0.000155,0.000154,0.00448,11,0.92,exit_boll限价平仓
2026-07-19 21:50:00,close,short,exit_close,1.919,1.921,0.2,-0.0004,7.7e-05,7.7e-05,-0.000554,6,0.5,exit_close限价平仓
2026-07-19 21:55:00,open,short,exit_open,1.921,1.92,0.4,0.0004,0.000154,0.000154,9.3e-05,5,0.42,exit_open限价平仓
2026-07-19 22:25:00,boll,short,exit_boll,1.923315,1.917987,0.4,0.002131,0.000154,0.000153,0.001824,3,0.25,exit_boll限价平仓
2026-07-19 22:40:00,close,short,exit_close,1.922,1.926,0.2,-0.0008,7.7e-05,7.7e-05,-0.000954,2,0.17,exit_close限价平仓
2026-07-19 23:05:00,open,short,exit_open,1.926,1.921,0.4,0.002,0.000154,0.000154,0.001692,7,0.58,exit_open限价平仓
2026-07-19 23:30:00,boll,short,exit_boll,1.926,1.917204,0.4,0.003518,0.000154,0.000153,0.003211,11,0.92,exit_boll限价平仓
2026-07-20 00:10:00,close,short,exit_close,1.925,1.914,0.2,0.0022,7.7e-05,7.7e-05,0.002046,11,0.92,exit_close限价平仓
2026-07-20 00:10:00,open,short,exit_open,1.929,1.914,0.4,0.006,0.000154,0.000153,0.005693,11,0.92,exit_open限价平仓
2026-07-20 00:20:00,close,short,exit_close,1.914,1.913,0.2,0.0002,7.7e-05,7.7e-05,4.7e-05,1,0.08,exit_close限价平仓
2026-07-20 00:20:00,open,short,exit_open,1.915,1.913,0.4,0.0008,0.000153,0.000153,0.000494,1,0.08,exit_open限价平仓
2026-07-20 01:00:00,close,short,exit_close,1.903,1.908,0.2,-0.001,7.6e-05,7.6e-05,-0.001152,3,0.25,exit_close限价平仓
2026-07-20 01:00:00,open,short,exit_open,1.909,1.908,0.4,0.0004,0.000153,0.000153,9.5e-05,3,0.25,exit_open限价平仓
2026-07-20 02:50:00,close,short,exit_close,1.909,1.91,0.2,-0.0002,7.6e-05,7.6e-05,-0.000353,9,0.75,exit_close限价平仓
2026-07-20 03:45:00,close,short,exit_close,1.914,1.914,0.2,0.0,7.7e-05,7.7e-05,-0.000153,1,0.08,exit_close限价平仓
2026-07-20 05:15:00,boll,short,exit_boll,1.91554,1.913592,0.4,0.000779,0.000153,0.000153,0.000473,19,1.58,exit_boll限价平仓
2026-07-20 05:15:00,open,short,exit_open,1.915,1.912,0.4,0.0012,0.000153,0.000153,0.000894,19,1.58,exit_open限价平仓
2026-07-20 05:45:00,open,short,exit_open,1.915,1.914,0.2,0.0002,7.7e-05,7.7e-05,4.7e-05,25,2.08,exit_open限价平仓
2026-07-20 06:50:00,close,short,exit_close,1.907,1.913,0.2,-0.0012,7.6e-05,7.7e-05,-0.001353,10,0.83,exit_close限价平仓
2026-07-20 07:00:00,open,short,exit_open,1.914,1.91,0.4,0.0016,0.000153,0.000153,0.001294,12,1.0,exit_open限价平仓
2026-07-20 09:20:00,open,short,exit_open,1.914,1.926,0.2,-0.0024,7.7e-05,7.7e-05,-0.002554,17,1.42,exit_open限价平仓
2026-07-20 09:50:00,boll,short,exit_boll,1.92147,1.913049,0.8,0.006736,0.000307,0.000306,0.006123,43,3.58,exit_boll限价平仓
2026-07-20 12:00:00,open,short,open,1.927,1.922961,0.4,0.001616,0.000154,0.000385,0.001077,2,0.17,长周期反转强平
2026-07-20 12:00:00,close,short,close,1.923,1.922961,0.2,8e-06,7.7e-05,0.000192,-0.000261,5,0.42,长周期反转强平
2026-07-20 12:30:00,close,long,exit_close,1.922,1.922,0.2,0.0,7.7e-05,7.7e-05,-0.000154,5,0.42,exit_close限价平仓
2026-07-20 12:35:00,open,long,exit_open,1.922,1.924,0.4,0.0008,0.000154,0.000154,0.000492,6,0.5,exit_open限价平仓
2026-07-20 13:00:00,close,long,exit_close,1.92,1.914,0.2,-0.0012,7.7e-05,7.7e-05,-0.001353,4,0.33,exit_close限价平仓
2026-07-20 14:05:00,open,long,exit_open,1.918,1.908,0.4,-0.004,0.000153,0.000153,-0.004306,15,1.25,exit_open限价平仓
2026-07-20 15:20:00,boll,long,exit_boll,1.913384,1.909699,0.6,-0.002211,0.00023,0.000229,-0.00267,38,3.17,exit_boll限价平仓
2026-07-20 17:20:00,open,long,exit_open,1.904,1.933,0.4,0.0116,0.000152,0.000155,0.011293,38,3.17,exit_open限价平仓
2026-07-20 18:20:00,close,long,exit_close,1.93,1.938,0.2,0.0016,7.7e-05,7.8e-05,0.001445,10,0.83,exit_close限价平仓
2026-07-20 19:05:00,close,long,exit_close,1.938,1.944,0.2,0.0012,7.8e-05,7.8e-05,0.001045,6,0.5,exit_close限价平仓
2026-07-20 20:25:00,close,long,exit_close,1.947,1.952,0.2,0.001,7.8e-05,7.8e-05,0.000844,7,0.58,exit_close限价平仓
2026-07-20 20:25:00,open,long,exit_open,1.949,1.952,0.4,0.0012,0.000156,0.000156,0.000888,7,0.58,exit_open限价平仓
2026-07-20 21:30:00,close,long,exit_close,1.97,1.965,0.2,-0.001,7.9e-05,7.9e-05,-0.001157,7,0.58,exit_close限价平仓
2026-07-20 23:00:00,close,long,exit_close,1.978,1.968,0.2,-0.002,7.9e-05,7.9e-05,-0.002158,4,0.33,exit_close限价平仓
2026-07-20 23:00:00,open,long,exit_open,1.976,1.976,0.4,0.0,0.000158,0.000158,-0.000316,4,0.33,exit_open限价平仓
2026-07-20 23:25:00,close,long,exit_close,1.975,1.968,0.2,-0.0014,7.9e-05,7.9e-05,-0.001558,3,0.25,exit_close限价平仓
2026-07-20 23:45:00,open,long,exit_open,1.968,1.975,0.4,0.0028,0.000157,0.000158,0.002485,7,0.58,exit_open限价平仓
2026-07-20 23:50:00,boll,long,exit_boll,1.953294,1.983401,0.4,0.012043,0.000156,0.000159,0.011728,18,1.5,exit_boll限价平仓
2026-07-21 00:40:00,close,long,exit_close,1.976,1.979,0.2,0.0006,7.9e-05,7.9e-05,0.000442,7,0.58,exit_close限价平仓
2026-07-21 02:40:00,close,long,exit_close,1.975,1.975,0.2,0.0,7.9e-05,7.9e-05,-0.000158,8,0.67,exit_close限价平仓
2026-07-21 02:40:00,open,long,exit_open,1.97,1.975,0.4,0.002,0.000158,0.000158,0.001684,3,0.25,exit_open限价平仓
2026-07-21 03:45:00,open,long,exit_open,1.971,1.964,0.2,-0.0014,7.9e-05,7.9e-05,-0.001557,12,1.0,exit_open限价平仓
2026-07-21 04:15:00,boll,long,exit_boll,1.968792,1.974652,0.8,0.004688,0.000315,0.000316,0.004057,35,2.92,exit_boll限价平仓
2026-07-21 07:25:00,boll,long,exit_boll,1.969756,1.976114,0.4,0.002543,0.000158,0.000158,0.002228,19,1.58,exit_boll限价平仓
2026-07-21 10:55:00,boll,long,exit_boll,1.982918,1.99874,0.4,0.006329,0.000159,0.00016,0.00601,8,0.67,exit_boll限价平仓
2026-07-21 12:05:00,close,long,exit_close,1.993,2.028,0.2,0.007,8e-05,8.1e-05,0.006839,17,1.42,exit_close限价平仓
2026-07-21 14:15:00,close,long,exit_close,2.04,2.043,0.2,0.0006,8.2e-05,8.2e-05,0.000437,3,0.25,exit_close限价平仓
2026-07-21 14:15:00,open,long,exit_open,2.04,2.044,0.4,0.0016,0.000163,0.000164,0.001273,3,0.25,exit_open限价平仓
2026-07-21 18:20:00,close,long,exit_close,2.014,2.004,0.2,-0.002,8.1e-05,8e-05,-0.002161,27,2.25,exit_close限价平仓
2026-07-21 21:45:00,open,long,exit_open,2.014,1.984,0.4,-0.012,0.000161,0.000159,-0.01232,68,5.67,exit_open限价平仓
2026-07-22 03:15:00,boll,long,exit_boll,2.000117,1.940285,1.0,-0.059832,0.0004,0.000388,-0.06062,143,11.92,exit_boll限价平仓
2026-07-22 03:35:00,close,long,exit_close,1.941,1.926,0.2,-0.003,7.8e-05,7.7e-05,-0.003155,2,0.17,exit_close限价平仓
2026-07-22 04:30:00,open,long,exit_open,1.928,1.933,0.4,0.002,0.000154,0.000155,0.001691,13,1.08,exit_open限价平仓
2026-07-22 05:20:00,open,long,exit_open,1.933,1.933,0.4,-0.0,0.000155,0.000155,-0.000309,7,0.58,exit_open限价平仓
2026-07-22 08:00:00,boll,long,boll,1.926469,1.930034,0.6,0.002139,0.000231,0.000579,0.001329,54,4.5,长周期反转强平
2026-07-22 08:20:00,close,short,exit_close,1.933,1.939,0.2,-0.0012,7.7e-05,7.8e-05,-0.001355,2,0.17,exit_close限价平仓
2026-07-22 10:00:00,open,short,exit_open,1.934,1.939,0.4,-0.002,0.000155,0.000155,-0.00231,22,1.83,exit_open限价平仓
2026-07-22 10:30:00,boll,short,exit_boll,1.939,1.936968,0.4,0.000813,0.000155,0.000155,0.000503,27,2.25,exit_boll限价平仓
2026-07-22 11:30:00,open,short,exit_open,1.942,1.924,0.4,0.0072,0.000155,0.000154,0.006891,16,1.33,exit_open限价平仓
2026-07-22 12:20:00,close,short,exit_close,1.914,1.917,0.2,-0.0006,7.7e-05,7.7e-05,-0.000753,3,0.25,exit_close限价平仓
2026-07-22 14:15:00,open,short,exit_open,1.921,1.907,0.4,0.0056,0.000154,0.000153,0.005294,23,1.92,exit_open限价平仓
2026-07-22 14:45:00,close,short,exit_close,1.9,1.904,0.2,-0.0008,7.6e-05,7.6e-05,-0.000952,3,0.25,exit_close限价平仓
2026-07-22 16:15:00,open,short,exit_open,1.907,1.874,0.4,0.0132,0.000153,0.00015,0.012898,17,1.42,exit_open限价平仓
2026-07-22 18:10:00,close,short,exit_close,1.877,1.877,0.2,-0.0,7.5e-05,7.5e-05,-0.00015,3,0.25,exit_close限价平仓
2026-07-22 18:10:00,open,short,exit_open,1.878,1.878,0.4,-0.0,0.00015,0.00015,-0.0003,3,0.25,exit_open限价平仓
2026-07-22 20:05:00,boll,short,exit_boll,1.885699,1.882396,0.4,0.001321,0.000151,0.000151,0.00102,20,1.67,exit_boll限价平仓
2026-07-22 20:35:00,close,short,exit_close,1.888,1.882,0.2,0.0012,7.6e-05,7.5e-05,0.001049,18,1.5,exit_close限价平仓
2026-07-22 20:35:00,open,short,exit_open,1.889,1.881,0.4,0.0032,0.000151,0.00015,0.002898,18,1.5,exit_open限价平仓
2026-07-22 21:05:00,close,short,exit_close,1.881,1.881,0.2,-0.0,7.5e-05,7.5e-05,-0.00015,2,0.17,exit_close限价平仓
2026-07-22 21:05:00,open,short,exit_open,1.882,1.881,0.4,0.0004,0.000151,0.00015,9.9e-05,2,0.17,exit_open限价平仓
2026-07-22 21:40:00,close,short,exit_close,1.879,1.881,0.2,-0.0004,7.5e-05,7.5e-05,-0.00055,4,0.33,exit_close限价平仓
2026-07-22 22:20:00,open,short,exit_open,1.882,1.876,0.4,0.0024,0.000151,0.00015,0.002099,10,0.83,exit_open限价平仓
2026-07-22 22:30:00,boll,short,exit_boll,1.886758,1.873335,0.4,0.005369,0.000151,0.00015,0.005068,8,0.67,exit_boll限价平仓
2026-07-22 23:50:00,close,short,exit_close,1.878,1.886,0.2,-0.0016,7.5e-05,7.5e-05,-0.001751,16,1.33,exit_close限价平仓
2026-07-23 01:25:00,boll,short,exit_boll,1.891692,1.879335,0.4,0.004943,0.000151,0.00015,0.004641,25,2.08,exit_boll限价平仓
2026-07-23 01:50:00,open,short,exit_open,1.888,1.881,0.2,0.0014,7.6e-05,7.5e-05,0.001249,9,0.75,exit_open限价平仓
2026-07-23 02:25:00,close,short,exit_close,1.878,1.873,0.2,0.001,7.5e-05,7.5e-05,0.00085,2,0.17,exit_close限价平仓
2026-07-23 02:25:00,open,short,exit_open,1.879,1.873,0.4,0.0024,0.00015,0.00015,0.0021,2,0.17,exit_open限价平仓
2026-07-23 03:00:00,close,short,exit_close,1.857,1.864,0.2,-0.0014,7.4e-05,7.5e-05,-0.001549,4,0.33,exit_close限价平仓
