rank,symbol,inst_id,name_cn,1H_趋势,1H_交易价格,1H_交易时间,1H_盈亏%,1H_收盘价,MACD_1H,DIF_1H,ADX_1H,ATR_1H,SAR_1H,SAR颜色_1H,ER_1H,4H_趋势,4H_交易价格,4H_交易时间,4H_盈亏%,4H_收盘价,MACD_4H,DIF_4H,ADX_4H,ATR_4H,SAR_4H,SAR颜色_4H,ER_4H,1D_趋势,1D_交易价格,1D_交易时间,1D_盈亏%,1D_收盘价,MACD_1D,DIF_1D,ADX_1D,ATR_1D,SAR_1D,SAR颜色_1D,ER_1D,15m_趋势,15m_交易价格,15m_交易时间,15m_盈亏%,15m_收盘价,MACD_15m,DIF_15m,ADX_15m,ATR_15m,SAR_15m,SAR颜色_15m,ER_15m
1,BTC,BTC-USDT-SWAP,比特币,下跌,81209.6,2026-9-19 05:00:00,0.64,81157.9,-94.4059,995.6808,59.31,5.8681,81099.8,green,0.0397,上涨,76167.7,2026-9-17 04:00:00,65.52,81157.9,1173.4567,944.5462,32.15,11.8637,79493.3,green,0.8902,上涨,81157.9,2026-9-19 00:00:00,0.0,81157.9,-414.2758,1334.9721,40.35,28.9479,76217.1,green,0.3853,下跌,81117.4,2026-9-19 11:15:00,-0.5,81157.9,-74.7935,67.3933,30.77,2.1462,81099.8,green,0.7121
2,ETH,ETH-USDT-SWAP,以太坊,下跌,2610.97,2026-9-19 07:00:00,-3.58,2620.31,-3.4467,37.2476,57.81,7.8466,2611.01,green,0.1721,上涨,2408.28,2026-9-17 00:00:00,88.04,2620.31,46.5828,35.28,26.94,16.1796,2556.1232,green,0.7782,上涨,2620.29,2026-9-19 00:00:00,0.0,2620.29,-14.4776,68.2183,39.74,38.7649,2435.9,green,0.2122,上涨,2611.89,2026-9-19 09:45:00,3.22,2620.31,-0.2645,2.3175,20.64,3.0113,2618.23,green,0.2552
3,XRP,XRP-USDT-SWAP,瑞波币,下跌,1.3978,2026-9-19 06:00:00,-14.88,1.4186,0.0024,0.0245,48.51,11.5607,1.409,green,0.5411,上涨,1.3023,2026-9-17 08:00:00,89.61,1.419,0.031,0.0114,20.96,23.4672,1.3923,green,0.7498,上涨,1.419,2026-9-19 00:00:00,0.0,1.419,-0.0207,0.0198,25.16,55.9549,1.2868,green,0.1245,上涨,1.4183,2026-9-19 11:45:00,0.0,1.4183,-0.0003,0.0053,29.13,5.7816,1.409,green,0.0651
4,BNB,BNB-USDT-SWAP,币安币,下跌,751.2,2026-9-18 17:00:00,-11.45,759.8,-2.1781,5.2775,44.46,6.2049,758.6,green,0.3535,上涨,718.9,2026-9-17 00:00:00,56.89,759.8,7.4199,10.5138,33.37,12.5149,757.532,green,0.5143,下跌,690.4,2026-8-29 00:00:00,-100.52,759.8,-2.6241,18.4202,40.24,32.0263,725.7,green,0.3198,下跌,759.9,2026-9-19 11:15:00,0.13,759.8,-0.7751,-0.4546,15.59,2.5282,758.6,green,0.7447
5,USDC,USDC-USDT-SWAP,美元稳定币,上涨,1.0003,2026-9-19 09:00:00,0.05,1.0004,-0.0,-0.0,35.83,0.1,1.0003,green,0.2689,下跌,1.0005,2026-9-16 20:00:00,0.09,1.0004,-0.0,0.0,15.35,0.1999,1.0002,green,0.2837,下跌,1.0004,2026-9-19 00:00:00,0.0,1.0004,0.0001,0.0001,24.98,0.4998,1.0002,green,0.1557,上涨,1.0004,2026-9-19 11:45:00,0.0,1.0004,0.0,0.0,34.27,0.1,1.0003,green,0.2124
6,SOL,SOL-USDT-SWAP,索拉纳,下跌,112.69,2026-9-19 07:00:00,-5.59,113.32,-0.2583,2.5653,62.56,10.015,113.0384,green,0.0661,上涨,98.04,2026-9-17 00:00:00,155.96,113.33,3.1081,3.1727,35.75,18.9147,108.5712,green,0.7893,上涨,113.33,2026-9-19 00:00:00,0.0,113.33,0.2537,3.615,42.08,44.5637,100.63,green,0.4585,上涨,113.63,2026-9-19 08:45:00,-2.64,113.33,-0.1355,0.2071,17.84,4.0148,113.12,green,0.218
7,TRX,TRX-USDT-SWAP,波场,下跌,0.3383,2026-9-19 01:00:00,-1.33,0.3387,-0.0002,0.0007,35.84,1.7715,0.3381,green,0.2168,上涨,0.3353,2026-9-16 16:00:00,10.35,0.3388,0.0011,0.0004,17.09,4.7226,0.3377,green,0.6175,下跌,0.3356,2026-9-16 00:00:00,-9.39,0.3387,0.0001,0.001,13.73,14.4671,0.3332,green,0.068,上涨,0.3382,2026-9-19 09:45:00,1.45,0.3387,0.0001,0.0001,13.64,0.8857,0.3387,red,0.3431
8,DOGE,DOGE-USDT-SWAP,狗狗币,下跌,0.0873,2026-9-19 02:00:00,-8.59,0.0881,-0.0003,0.0012,53.99,10.2157,0.0878,green,0.0929,上涨,0.0804,2026-9-17 00:00:00,96.29,0.0881,0.0018,0.0013,30.73,18.1612,0.0871,green,0.8476,上涨,0.0881,2026-9-19 00:00:00,0.0,0.0881,-0.0007,0.0009,24.24,49.9432,0.0811,green,0.1875,下跌,0.088,2026-9-19 11:30:00,-0.68,0.0881,-0.0,0.0001,15.08,4.5403,0.0878,green,0.2941
9,ADA,ADA-USDT-SWAP,艾达币,下跌,0.2314,2026-9-19 11:00:00,0.0,0.2314,0.0012,0.0058,66.95,14.6932,0.2264,green,0.4225,上涨,0.1961,2026-9-17 04:00:00,181.03,0.2316,0.007,0.0057,30.96,25.475,0.2215,green,0.8584,上涨,0.2199,2026-9-18 00:00:00,52.3,0.2314,0.0008,0.0034,28.58,60.5013,0.1997,green,0.3581,下跌,0.2314,2026-9-19 11:45:00,0.0,0.2314,0.0003,0.0023,41.03,8.2109,0.2311,green,0.1579
10,AVAX,AVAX-USDT-SWAP,雪崩协议,上涨,8.688,2026-9-19 09:00:00,-26.13,8.461,0.0509,0.1877,62.23,15.4592,8.3768,green,0.2883,上涨,7.473,2026-9-17 04:00:00,132.21,8.461,0.185,0.2171,31.88,22.4205,8.0772,green,0.8231,上涨,8.107,2026-9-18 00:00:00,43.67,8.461,0.0776,0.1988,27.08,47.7839,7.54,green,0.6315,下跌,8.495,2026-9-19 11:15:00,4.0,8.461,-0.0088,0.0804,38.78,8.6987,8.427,green,0.5901
11,LTC,LTC-USDT-SWAP,莱特币,上涨,56.84,2026-9-19 02:00:00,32.37,58.68,0.2544,1.1299,58.99,9.9608,57.8324,green,0.9359,上涨,50.85,2026-9-17 00:00:00,153.98,58.68,1.3315,1.2726,33.95,16.8252,56.4844,green,1.0,上涨,58.68,2026-9-19 00:00:00,0.0,58.68,0.3783,1.6217,31.76,41.0532,53.1816,green,0.3645,下跌,57.95,2026-9-19 09:00:00,-12.6,58.68,-0.0858,0.3706,29.58,5.6595,58.56,green,0.1429
12,SHIB,SHIB-USDT-SWAP,柴犬币,下跌,,2026-9-18 15:00:00,-22.6,,-0.0,0.0,48.28,,0.0,,0.1963,上涨,,2026-9-17 04:00:00,98.09,,0.0,0.0,29.21,,0.0,,0.7162,上涨,,2026-9-18 00:00:00,0.91,,-0.0,0.0,21.91,,0.0,,0.129,上涨,,2026-9-19 09:45:00,2.01,,0.0,0.0,13.47,,0.0,,0.2381
13,POL,POL-USDT-SWAP,多边形,下跌,0.1042,2026-9-19 09:00:00,-20.15,0.1063,0.0002,0.002,43.93,19.7554,0.1041,green,0.1254,上涨,0.0967,2026-9-17 04:00:00,99.6,0.1063,0.0024,0.0026,37.31,31.0442,0.1029,green,0.5481,上涨,0.0981,2026-9-17 00:00:00,83.35,0.1063,0.0006,0.0021,21.67,56.444,0.0966,green,0.396,上涨,0.1055,2026-9-19 10:00:00,7.39,0.1063,0.0002,0.0005,29.51,10.3481,0.1062,green,0.2727
14,XLM,XLM-USDT-SWAP,恒星币,下跌,0.1925,2026-9-19 06:00:00,-13.97,0.1952,0.0001,0.0022,38.08,12.2951,0.1928,green,0.3437,上涨,0.1828,2026-9-17 08:00:00,67.83,0.1952,0.0026,0.0028,24.35,25.1025,0.1913,green,0.5224,上涨,0.1922,2026-9-18 00:00:00,15.77,0.1952,0.0014,0.0029,17.89,54.8156,0.1823,green,0.2157,上涨,0.1938,2026-9-19 09:45:00,7.28,0.1952,0.0001,0.0005,22.1,6.1475,0.1937,green,0.1584
15,DASH,DASH-USDT-SWAP,达世币,上涨,59.53,2026-9-19 02:00:00,29.56,61.29,0.3287,0.7225,23.01,23.7739,61.22,green,0.0923,下跌,58.3,2026-9-18 16:00:00,-51.46,61.3,0.7548,1.8079,33.64,46.6607,60.3,green,0.0229,下跌,56.22,2026-9-11 00:00:00,-90.18,61.29,-1.0227,4.3852,42.36,90.9757,57.46,green,0.2811,下跌,62.95,2026-9-19 08:00:00,26.37,61.29,-0.5497,0.082,22.05,12.7133,61.22,green,0.5591
16,DOT,DOT-USDT-SWAP,波卡,下跌,1.1267,2026-9-18 19:00:00,-17.48,1.1464,-0.0056,0.0122,46.3,15.2652,1.1302,green,0.1987,下跌,1.1464,2026-9-19 08:00:00,0.0,1.1464,0.0245,0.0364,40.64,28.3496,1.1183,green,0.5502,下跌,1.0161,2026-9-13 00:00:00,-128.24,1.1464,0.0111,0.0574,35.53,62.3692,1.0509,green,0.457,下跌,1.1427,2026-9-19 11:30:00,-3.33,1.1465,0.0019,0.0027,12.0,6.6289,1.1352,green,0.1317
17,ATOM,ATOM-USDT-SWAP,宇宙,下跌,1.638,2026-9-18 19:00:00,-67.16,1.748,0.0049,0.038,50.04,14.5881,1.715,green,0.2963,上涨,1.518,2026-9-17 04:00:00,151.52,1.748,0.0516,0.0349,33.64,24.8856,1.686,green,0.9886,上涨,1.748,2026-9-19 00:00:00,0.0,1.748,-0.0026,0.0342,30.85,59.0961,1.543,green,0.2434,上涨,1.75,2026-9-19 10:30:00,-1.14,1.748,0.0024,0.0116,29.66,7.6087,1.743,green,0.3333
18,ETC,ETC-USDT-SWAP,以太经典,下跌,8.103,2026-9-19 01:00:00,-24.93,8.305,0.0001,0.1596,63.26,11.2824,8.252,green,0.8613,上涨,7.233,2026-9-17 00:00:00,148.21,8.305,0.2122,0.1858,29.93,20.8308,8.111,green,0.7815,上涨,8.305,2026-9-19 00:00:00,0.0,8.305,-0.0018,0.1506,31.99,54.4852,7.374,green,0.3018,下跌,8.273,2026-9-19 11:15:00,-3.87,8.305,0.0004,0.0388,27.28,6.1168,8.252,green,0.0811
19,BCH,BCH-USDT-SWAP,比特现金,下跌,248.8,2026-9-18 18:00:00,1.61,248.4,-2.1724,4.0014,54.87,17.4529,244.8,green,0.3395,上涨,220.9,2026-9-17 04:00:00,124.49,248.4,5.6899,7.4738,42.87,28.4795,244.8,green,0.4757,上涨,251.6,2026-9-18 00:00:00,-12.72,248.4,-0.406,-1.3746,26.11,64.3434,230.9,green,0.3397,下跌,249.3,2026-9-19 11:30:00,3.61,248.4,-1.8932,-0.8118,25.0,9.2516,244.8,green,0.9394
20,TON,TON-USDT-SWAP,电报币,下跌,1.922,2026-5-26 08:00:00,15.62,1.892,-0.0252,0.0271,35.89,21.6173,,,,上涨,1.8233,2026-5-25 12:00:00,38.25,1.893,0.0492,-0.0052,30.18,40.6762,,,,下跌,2.133,2026-5-15 00:00:00,112.52,1.893,-0.0997,0.0445,30.08,102.6941,,,,,,,,,,,,,,,
21,CRO,CRO-USDT-SWAP,克罗诺斯,下跌,0.0599,2026-9-19 10:00:00,5.68,0.0595,-0.0001,0.0004,24.6,10.084,0.0589,green,0.1975,上涨,0.0559,2026-9-17 00:00:00,64.77,0.0595,0.0006,0.0006,25.36,21.8487,0.0589,green,0.619,上涨,0.0595,2026-9-19 00:00:00,0.0,0.0595,-0.0,0.0008,37.0,58.8235,0.0571,green,0.0766,下跌,0.0599,2026-9-19 10:45:00,5.68,0.0595,-0.0002,-0.0,25.32,5.042,0.0592,green,0.6259
22,XAUT,XAUT-USDT-SWAP,数字黄金,,,,,,,,,,,,,,,,,,,,,,,,,,,,,,,,,,,,,,,,,,,,,,,,
23,INJ,INJ-USDT-SWAP,因哲媞,下跌,6.596,2026-9-19 00:00:00,-41.84,6.872,-0.0158,0.2114,58.25,21.6967,6.743,green,0.5154,上涨,5.404,2026-9-17 04:00:00,271.65,6.872,0.299,0.2408,32.75,35.3027,6.4979,green,0.8547,上涨,6.872,2026-9-19 00:00:00,0.0,6.872,0.14,0.3371,29.67,75.5384,5.4984,green,0.3374,下跌,6.858,2026-9-19 11:15:00,-2.04,6.872,0.0095,0.0604,28.72,9.7788,6.796,green,0.141
24,LINK,LINK-USDT-SWAP,链环,下跌,12.295,2026-9-19 06:00:00,-8.21,12.396,-0.0136,0.2127,48.9,11.0439,12.325,green,0.1011,上涨,11.051,2026-9-17 04:00:00,121.8,12.397,0.2897,0.2524,29.58,21.1261,12.21,green,0.7637,下跌,11.563,2026-8-28 00:00:00,-72.13,12.397,-0.1244,0.2755,36.5,53.2306,11.2289,green,0.2678,下跌,12.397,2026-9-19 11:45:00,0.0,12.397,0.0011,0.0361,22.33,4.9286,12.357,green,0.0311
25,NEAR,NEAR-USDT-SWAP,万物协议,下跌,3.527,2026-9-18 18:00:00,-64.93,3.756,-0.0365,0.1443,60.79,31.3898,3.752,green,0.3684,上涨,2.481,2026-9-16 16:00:00,513.91,3.756,0.1719,0.3448,60.17,45.6603,3.505,green,0.9807,上涨,3.653,2026-9-18 00:00:00,27.92,3.755,0.2555,0.345,50.73,75.1798,2.6286,green,0.8225,下跌,3.799,2026-9-19 11:00:00,11.85,3.754,-0.0106,0.0201,20.4,16.7288,3.752,green,0.7237
26,UNI,UNI-USDT-SWAP,优尼,下跌,8.683,2026-9-18 19:00:00,-24.42,8.895,-0.1114,0.2459,51.9,27.9595,8.894,green,0.2897,上涨,6.706,2026-9-17 04:00:00,326.72,8.897,0.339,0.6714,48.06,46.8697,8.685,green,0.7161,上涨,8.748,2026-9-18 00:00:00,17.03,8.897,0.3417,0.8092,49.98,78.0151,6.487,green,0.7243,下跌,9.025,2026-9-19 11:30:00,14.63,8.893,-0.0,0.0303,19.88,13.55,8.886,green,0.4239
27,TRUMP,TRUMP-USDT-SWAP,川普币,下跌,2.1,2026-9-19 01:00:00,25.24,2.047,-0.0213,0.0158,34.13,15.0464,2.038,green,1.0,上涨,1.93,2026-9-17 04:00:00,60.62,2.047,0.0364,0.0306,26.15,29.36,2.038,green,0.3288,下跌,2.397,2026-8-31 00:00:00,146.02,2.047,-0.0663,-0.0207,30.37,97.6551,1.9034,green,0.0525,上涨,2.062,2026-9-19 10:15:00,-7.27,2.047,-0.004,-0.0116,29.65,7.0835,2.038,green,0.3571
28,ZEC,ZEC-USDT-SWAP,,上涨,1501.69,2026-9-19 04:00:00,18.32,1529.2,7.4742,27.1612,26.53,21.0048,1525.6,green,0.1966,下跌,1456.23,2026-9-18 16:00:00,-49.9,1528.9,16.8991,92.2373,40.14,42.8982,1463.6,green,0.23,上涨,1482.48,2026-9-18 00:00:00,31.13,1528.63,53.894,172.0443,47.36,75.7486,1239.2004,green,0.7456,下跌,1567.31,2026-9-19 08:30:00,24.68,1528.63,-13.8428,7.0272,27.22,10.2598,1525.6,green,0.7721
29,HYPE,HYPE-USDT-SWAP,,下跌,91.352,2026-9-18 23:00:00,-25.67,93.697,-0.1359,2.0091,74.81,12.6013,92.7973,green,0.6306,上涨,79.305,2026-9-16 16:00:00,181.64,93.71,2.6396,3.5011,41.22,22.4971,89.5753,green,1.0,上涨,91.352,2026-9-18 00:00:00,25.66,93.696,0.4603,3.2523,31.6,53.0973,80.2432,green,0.5814,下跌,93.941,2026-9-19 11:30:00,2.61,93.696,0.0076,0.4951,22.78,5.6886,93.608,green,0.0086
30,CC,CC-USDT-SWAP,,下跌,0.1077,2026-9-18 19:00:00,-46.5,0.1128,-0.0001,0.002,45.68,14.1844,0.1109,green,0.4189,上涨,0.0931,2026-9-17 00:00:00,210.78,0.1128,0.0029,0.004,42.38,31.0284,0.1097,green,0.6951,上涨,0.1013,2026-9-17 00:00:00,112.58,0.1128,0.0018,-0.0019,18.99,62.9433,0.0988,green,0.4662,上涨,0.1132,2026-9-19 10:30:00,-3.89,0.1128,0.0001,0.0006,22.92,6.2057,0.1127,green,0.0698
31,GRAM,GRAM-USDT-SWAP,,下跌,1.366,2026-9-18 20:00:00,-5.86,1.374,-0.0032,0.0064,34.24,7.2052,1.365,green,0.2381,上涨,1.316,2026-9-17 04:00:00,44.07,1.374,0.0121,0.0089,27.59,13.5371,1.357,green,0.5667,上涨,1.372,2026-9-18 00:00:00,1.46,1.374,0.0015,-0.0104,13.29,38.064,1.331,green,0.0282,上涨,1.371,2026-9-19 10:15:00,2.19,1.374,0.0014,0.0003,17.72,3.7846,1.371,green,0.2381
32,HBAR,HBAR-USDT-SWAP,,下跌,0.0792,2026-9-19 05:00:00,-0.88,0.0793,-0.0001,0.0009,34.11,10.0883,0.0788,green,0.1522,上涨,0.0744,2026-9-17 16:00:00,65.47,0.0793,0.0011,0.0009,24.5,21.4376,0.0782,green,0.681,上涨,0.0793,2026-9-19 00:00:00,0.0,0.0793,-0.0002,0.0008,23.43,46.6583,0.0736,green,0.2677,上涨,0.0795,2026-9-19 10:00:00,-2.77,0.0793,-0.0,0.0001,14.97,5.0441,0.0791,green,0.1692
33,SUI,SUI-USDT-SWAP,,下跌,0.8,2026-9-18 20:00:00,-33.75,0.827,-0.001,0.0167,62.27,13.6638,0.8115,green,0.473,上涨,0.7075,2026-9-17 00:00:00,168.9,0.827,0.0226,0.0263,38.36,23.4583,0.8068,green,0.8884,上涨,0.8033,2026-9-18 00:00:00,29.5,0.827,0.0073,0.0051,18.76,59.3712,0.7286,green,0.4623,下跌,0.8216,2026-9-19 11:15:00,-6.57,0.827,-0.0002,0.0036,18.67,7.2551,0.821,green,0.2135
34,TAO,TAO-USDT-SWAP,,下跌,246.7,2026-9-18 20:00:00,-43.78,257.5,0.0156,4.4177,43.14,14.6517,251.6,green,0.7248,上涨,218.2,2026-9-17 00:00:00,180.11,257.5,7.0861,6.1642,32.77,25.4117,247.1,green,0.9267,上涨,257.4,2026-9-19 00:00:00,0.0,257.4,-0.4444,4.6342,26.4,60.7871,226.556,green,0.3364,上涨,253.1,2026-9-19 10:15:00,17.38,257.5,1.1505,1.9931,22.26,7.3608,256.1585,green,0.6104
35,OKB,OKB-USDT-SWAP,,下跌,116.61,2026-9-19 06:00:00,-3.52,117.02,-0.0328,0.9829,43.24,8.7891,116.126,green,0.0599,上涨,110.45,2026-9-17 00:00:00,59.48,117.02,1.2675,1.0853,26.79,14.6701,115.63,green,0.6147,上涨,115.72,2026-9-18 00:00:00,11.23,117.02,-0.5478,2.2587,17.9,40.1137,110.5368,green,0.1909,下跌,117.02,2026-9-19 11:45:00,0.0,117.02,0.027,0.2014,17.86,4.1685,116.71,green,0.0279
36,ASTER,ASTER-USDT-SWAP,,上涨,0.7599,2026-9-19 05:00:00,24.21,0.7783,0.0041,0.0099,42.82,12.8485,0.7734,green,0.3543,下跌,0.7533,2026-9-18 20:00:00,-33.05,0.7782,0.0096,0.0186,38.76,20.4318,0.7529,green,0.8056,上涨,0.7533,2026-9-18 00:00:00,33.19,0.7783,0.0017,0.0152,31.18,53.8353,0.694,green,0.6942,下跌,0.7672,2026-9-19 07:45:00,-14.47,0.7783,-0.0015,0.0046,32.56,7.3237,0.7781,green,0.0294
37,AAVE,AAVE-USDT-SWAP,,下跌,134.13,2026-9-18 15:00:00,-68.81,143.36,0.3025,3.1457,60.3,16.4188,140.2993,green,0.3333,上涨,121.63,2026-9-17 08:00:00,178.66,143.36,4.0005,4.2004,32.22,27.5077,137.42,green,0.9253,上涨,143.36,2026-9-19 00:00:00,0.0,143.36,0.2239,4.6614,32.94,59.8793,125.59,green,0.4428,下跌,143.51,2026-9-19 11:30:00,1.05,143.36,0.2028,1.3432,32.21,8.999,143.17,green,0.0805
38,WLFI,WLFI-USDT-SWAP,,下跌,0.0588,2026-9-19 09:00:00,3.91,0.0586,-0.0,0.0002,17.98,10.2389,0.0584,green,0.4312,下跌,0.0586,2026-9-19 08:00:00,0.0,0.0586,0.0001,0.0004,12.58,18.7713,0.0583,green,0.1013,上涨,0.0575,2026-9-14 00:00:00,18.61,0.0586,0.0005,0.0001,25.22,47.7816,0.0564,green,0.2654,下跌,0.0585,2026-9-19 11:15:00,-1.37,0.0586,-0.0001,-0.0,20.3,5.1195,0.0584,green,0.6145
39,PUMP,PUMP-USDT-SWAP,,下跌,0.0042,2026-9-18 19:00:00,-23.92,0.0043,-0.0,0.0,42.23,23.2558,0.0042,green,0.3913,下跌,0.0043,2026-9-19 08:00:00,0.0,0.0043,0.0001,0.0002,38.62,46.5116,0.0042,green,0.3173,上涨,0.004,2026-9-17 00:00:00,76.98,0.0043,-0.0,0.0,24.3,93.0233,0.0039,green,0.5875,上涨,0.0042,2026-9-19 09:15:00,16.38,0.0043,0.0,-0.0,24.85,0.0,0.0043,red,0.38
40,ONDO,ONDO-USDT-SWAP,,下跌,0.3741,2026-9-18 03:00:00,-86.61,0.4065,-0.0003,0.0071,46.3,16.2362,0.3991,green,0.4767,上涨,0.338,2026-9-17 00:00:00,202.66,0.4065,0.0102,0.0146,39.19,28.7823,0.3803,green,0.8028,上涨,0.3727,2026-9-17 00:00:00,90.69,0.4065,0.0087,0.0045,14.05,62.2386,0.3478,green,0.4472,下跌,0.4065,2026-9-19 11:30:00,0.0,0.4065,0.0003,0.0025,22.37,8.8561,0.4054,green,0.25
41,ENA,ENA-USDT-SWAP,,上涨,0.1746,2026-9-19 08:00:00,52.98,0.1839,0.0019,0.0044,42.32,24.4698,0.1704,green,0.6278,上涨,0.1465,2026-9-17 00:00:00,254.86,0.1839,0.0053,0.0077,43.32,39.6955,0.1662,green,0.7292,上涨,0.1839,2026-9-19 00:00:00,0.0,0.1839,0.0004,0.0072,39.74,83.1974,0.1506,green,0.7514,上涨,0.1707,2026-9-19 08:30:00,77.16,0.1839,0.0021,0.0033,39.33,14.6819,0.1764,green,0.6573
42,MORPHO,MORPHO-USDT-SWAP,,上涨,2.5798,2026-9-19 08:00:00,43.22,2.6913,0.049,0.0957,57.13,21.2537,2.4957,green,0.7825,上涨,2.1029,2026-9-17 04:00:00,292.5,2.718,0.1061,0.0918,38.7,30.6475,2.3798,green,0.8598,上涨,2.4266,2026-9-18 00:00:00,109.08,2.6913,0.0134,0.0079,18.35,68.4056,2.1801,green,0.489,下跌,2.7083,2026-9-19 11:15:00,-3.62,2.7181,0.0066,0.0712,56.76,15.7095,2.6736,green,0.2065
43,PEPE,PEPE-USDT-SWAP,,下跌,,2026-9-19 05:00:00,26.91,,-0.0,0.0,42.4,,0.0,,0.6738,上涨,,2026-9-17 04:00:00,107.81,,0.0,0.0,32.42,,0.0,,0.5467,上涨,,2026-9-17 00:00:00,33.21,,0.0,0.0,24.81,,0.0,,0.4632,上涨,,2026-9-19 10:15:00,-1.06,,-0.0,-0.0,26.04,,0.0,,0.1579
44,ICP,ICP-USDT-SWAP,,下跌,2.773,2026-9-18 18:00:00,-31.01,2.859,-0.007,0.0478,49.0,13.5362,2.854,green,0.0303,上涨,2.526,2026-9-16 16:00:00,131.83,2.859,0.0755,0.0541,26.59,25.4634,2.825,green,0.7755,下跌,2.762,2026-9-12 00:00:00,-35.12,2.859,-0.0206,0.083,32.75,61.525,2.572,green,0.1275,下跌,2.865,2026-9-19 11:15:00,2.09,2.859,-0.0063,0.006,13.7,6.2959,2.854,green,0.6207
45,WLD,WLD-USDT-SWAP,,下跌,0.4342,2026-9-18 21:00:00,14.28,0.428,-0.0029,0.0059,30.32,19.6262,0.4278,green,0.2515,上涨,0.3682,2026-9-16 16:00:00,162.41,0.428,0.0119,0.0124,31.98,34.3458,0.418,green,0.5017,上涨,0.4295,2026-9-19 00:00:00,0.0,0.4295,-0.0015,0.0068,25.13,81.4901,0.3744,green,0.1855,下跌,0.4289,2026-9-19 10:45:00,2.33,0.4279,-0.0001,0.0014,13.12,8.4132,0.4278,green,0.3134
46,SKY,SKY-USDT-SWAP,,下跌,0.07,2026-9-19 05:00:00,-0.86,0.0701,-0.0003,0.0024,60.48,19.9715,0.066,green,0.0723,上涨,0.0579,2026-9-17 16:00:00,209.18,0.0701,0.0029,0.0021,31.69,34.2368,0.0668,green,0.766,上涨,0.0703,2026-9-18 00:00:00,-2.85,0.0701,0.0002,0.0003,21.54,65.6205,0.0582,green,0.2773,下跌,0.0704,2026-9-19 10:30:00,4.41,0.0701,-0.0003,0.0001,20.7,8.5592,0.0698,green,0.761
47,VVV,VVV-USDT-SWAP,,上涨,28.168,2026-9-19 09:00:00,-0.28,28.16,0.119,0.7297,32.22,28.8956,27.9404,green,0.1431,上涨,23.177,2026-9-14 12:00:00,214.57,28.15,0.7352,1.2922,39.08,51.1297,26.7154,green,0.4914,上涨,26.491,2026-9-18 00:00:00,61.04,28.108,0.7562,2.6127,61.75,90.2839,23.3604,green,0.5053,下跌,28.318,2026-9-19 11:15:00,6.57,28.132,-0.0875,0.2391,28.17,13.5504,28.063,green,0.2648
48,LIT,LIT-USDT-SWAP,,上涨,4.7892,2026-9-19 09:00:00,21.01,4.8898,-0.0014,0.0026,19.15,27.3017,4.7822,green,0.0528,下跌,4.8582,2026-9-18 16:00:00,-6.5,4.8898,0.0128,0.1315,26.08,47.9774,4.6652,green,0.0839,下跌,4.5788,2026-9-10 00:00:00,-67.75,4.889,-0.0564,0.3593,46.67,93.2297,4.4311,green,0.3837,上涨,4.7892,2026-9-19 09:45:00,21.19,4.8907,0.0268,0.0252,20.43,13.863,4.8633,green,0.0211
49,ARB,ARB-USDT-SWAP,,下跌,0.2078,2026-9-18 18:00:00,-20.02,0.212,-0.0041,0.0061,48.86,37.7358,0.2104,green,0.6255,上涨,0.2262,2026-9-18 08:00:00,-62.78,0.212,0.0075,0.0185,56.52,63.2075,0.2104,green,0.3659,上涨,0.2107,2026-9-18 00:00:00,6.12,0.212,0.0098,0.0223,55.11,93.3962,0.1599,green,0.809,下跌,0.2117,2026-9-19 11:30:00,-1.56,0.212,-0.0015,-0.0016,16.13,17.9245,0.2104,green,0.4805
50,PI,PI-USDT-SWAP,,下跌,0.0853,2026-9-19 06:00:00,-11.25,0.0863,0.0003,0.0008,20.75,11.5875,0.0859,green,0.0933,上涨,0.082,2026-9-17 16:00:00,52.06,0.0863,0.0015,-0.002,34.3,25.4925,0.084,green,0.7331,下跌,0.0945,2026-9-6 00:00:00,86.49,0.0863,-0.003,-0.0014,35.47,52.1437,0.0806,green,0.4278,上涨,0.0864,2026-9-19 11:45:00,0.0,0.0864,0.0001,0.0003,17.83,5.787,0.0856,green,0.2727
51,QNT,QNT-USDT-SWAP,,上涨,51.98,2026-9-19 09:00:00,2.89,52.13,-0.2133,-0.5374,44.97,10.3088,51.85,green,0.0571,下跌,54.65,2026-9-18 16:00:00,46.11,52.13,-0.504,0.8462,39.27,21.6056,51.59,green,0.6086,上涨,49.05,2026-9-3 00:00:00,62.79,52.13,1.429,-0.5095,13.15,55.3194,51.59,green,0.2,上涨,52.22,2026-9-19 05:30:00,-1.72,52.13,0.1226,-0.0901,36.94,2.7719,52.05,green,0.5217
52,ALGO,ALGO-USDT-SWAP,,下跌,0.095,2026-9-18 18:00:00,-17.06,0.0966,-0.0004,0.0013,44.94,13.4576,0.096,green,0.2714,上涨,0.0911,2026-9-17 08:00:00,60.38,0.0966,0.0019,0.0012,25.05,27.9503,0.096,green,0.594,下跌,0.0919,2026-9-11 00:00:00,-50.58,0.0966,-0.0006,0.0014,22.55,60.0414,0.0892,green,0.0866,下跌,0.0977,2026-9-19 10:15:00,11.46,0.0966,-0.0006,-0.0002,21.74,7.2464,0.096,green,0.7818
53,JUP,JUP-USDT-SWAP,,下跌,0.2564,2026-9-18 18:00:00,-79.17,0.2767,0.0003,0.0077,61.35,17.7087,0.2629,green,0.6623,上涨,0.2187,2026-9-17 04:00:00,274.35,0.2787,0.0114,0.0105,31.86,33.3692,0.2622,green,0.8647,上涨,0.2767,2026-9-19 00:00:00,0.0,0.2767,0.0025,0.0107,36.91,80.5927,0.2162,green,0.284,上涨,0.2652,2026-9-19 07:45:00,50.9,0.2787,0.0016,0.0029,30.1,8.9702,0.2732,green,0.6391
54,RENDER,RENDER-USDT-SWAP,,下跌,1.498,2026-9-18 15:00:00,-52.74,1.577,-0.0022,0.0275,43.46,13.3164,1.548,green,0.5472,上涨,1.363,2026-9-17 04:00:00,157.01,1.577,0.0419,0.0507,39.1,23.272,1.533,green,0.7966,上涨,1.546,2026-9-18 00:00:00,20.05,1.577,0.0178,0.0092,23.61,57.7045,1.398,green,0.4591,下跌,1.573,2026-9-19 11:30:00,-2.54,1.577,0.0018,0.009,20.62,6.9753,1.571,green,0.0
55,FIL,FIL-USDT-SWAP,,上涨,0.9164,2026-9-19 03:00:00,66.13,0.977,0.0128,0.0321,59.53,19.9591,0.9563,green,0.8951,上涨,0.7981,2026-9-17 12:00:00,224.16,0.977,0.0348,0.0212,24.82,33.8792,0.9063,green,0.827,上涨,0.977,2026-9-19 00:00:00,0.0,0.977,0.0157,0.0439,24.45,77.0727,0.8093,green,0.3202,下跌,0.9609,2026-9-19 10:00:00,-16.76,0.977,0.0004,0.0146,45.72,13.4084,0.9631,green,0.3032
